-- phpMyAdmin SQL Dump
-- version 5.2.1
-- https://www.phpmyadmin.net/
--
-- Hôte : 127.0.0.1
-- Généré le : lun. 02 déc. 2024 à 13:55
-- Version du serveur : 10.4.32-MariaDB
-- Version de PHP : 8.2.12

SET SQL_MODE = "NO_AUTO_VALUE_ON_ZERO";
START TRANSACTION;
SET time_zone = "+00:00";


/*!40101 SET @OLD_CHARACTER_SET_CLIENT=@@CHARACTER_SET_CLIENT */;
/*!40101 SET @OLD_CHARACTER_SET_RESULTS=@@CHARACTER_SET_RESULTS */;
/*!40101 SET @OLD_COLLATION_CONNECTION=@@COLLATION_CONNECTION */;
/*!40101 SET NAMES utf8mb4 */;

--
-- Base de données : `dbdrh`
--

-- --------------------------------------------------------

--
-- Structure de la table `t_district`
--

CREATE TABLE `t_district` (
  `id` int(11) NOT NULL,
  `nom` varchar(50) DEFAULT NULL,
  `region_id` int(11) NOT NULL,
  `commentaire` text DEFAULT NULL
) ENGINE=InnoDB DEFAULT CHARSET=utf8mb4 COLLATE=utf8mb4_general_ci;

--
-- Déchargement des données de la table `t_district`
--

INSERT INTO `t_district` (`id`, `nom`, `region_id`, `commentaire`) VALUES
(1, 'ABENGOUROU', 20, ''),
(2, 'ABOBO-EST', 1, ''),
(3, 'ABOBO-OUEST', 1, ''),
(4, 'ABOISSO', 30, ''),
(5, 'ADIAKE', 30, ''),
(6, 'ADJAME-PLATEAU-ATTECOUBE', 2, ''),
(7, 'ADZOPE', 24, ''),
(8, 'AGBOVILLE', 3, ''),
(9, 'AGNIBILEKROU', 20, ''),
(10, 'AKOUPE', 24, ''),
(11, 'ALEPE', 24, ''),
(12, 'ANYAMA', 1, ''),
(13, 'ARRAH', 25, ''),
(14, 'BANGOLO', 16, ''),
(15, 'BASSAM', 30, ''),
(16, 'BEOUMI', 11, ''),
(17, 'BETTIE', 20, ''),
(18, 'BIANKOUMA', 32, ''),
(19, 'BLOLEQUIN', 9, ''),
(20, 'BOCANDA', 27, ''),
(21, 'BONDOUKOU', 14, ''),
(22, 'BONGOUANOU', 25, ''),
(23, 'BOTRO', 11, ''),
(24, 'BOUAFLE', 23, ''),
(25, 'BOUAKE NORD-EST', 11, ''),
(26, 'BOUAKE NORD-OUEST', 11, ''),
(27, 'BOUAKE SUD', 11, ''),
(28, 'BOUNA', 8, ''),
(29, 'BOUNDIALI', 5, ''),
(30, 'BUYO', 26, ''),
(31, 'COCODY-BINGERVILLE', 2, ''),
(32, 'DABAKALA', 17, ''),
(33, 'DABOU', 15, ''),
(34, 'DALOA', 18, ''),
(35, 'DANANE', 32, ''),
(36, 'DAOUKRO', 19, ''),
(37, 'DIANRA', 7, ''),
(38, 'DIDIEVI', 6, ''),
(39, 'DIKODOUGOU', 28, ''),
(40, 'DIMBOKRO', 27, ''),
(41, 'DIVO', 22, ''),
(42, 'DOROPO', 8, ''),
(43, 'DUEKOUE', 16, ''),
(44, 'FERKESSEDOUGOU', 31, ''),
(45, 'FRESCO', 12, ''),
(46, 'GAGNOA 1', 13, ''),
(47, 'GAGNOA 2', 13, ''),
(48, 'GRAND-LAHOU', 15, ''),
(49, 'GUEYO', 26, ''),
(50, 'GUIGLO', 9, ''),
(51, 'GUITRY', 22, ''),
(52, 'ISSIA', 18, ''),
(53, 'JACQUEVILLE', 15, ''),
(54, 'KANI', 33, ''),
(55, 'KANIASSO', 10, ''),
(56, 'KATIOLA', 17, ''),
(57, 'KONG', 31, ''),
(58, 'KORHOGO 1', 28, ''),
(59, 'KORHOGO 2', 28, ''),
(60, 'KORO', 4, ''),
(61, 'KOUASSI KOUASSIKRO', 27, ''),
(62, 'KOUIBLY', 16, ''),
(63, 'KOUMASSI', 2, ''),
(64, 'KOUN FAO', 14, ''),
(65, 'KOUNAHIRI', 7, ''),
(66, 'KOUTO', 5, ''),
(67, 'LAKOTA', 22, ''),
(68, 'MADINANI', 21, ''),
(69, 'MAN', 32, ''),
(70, 'MANKONO', 7, ''),
(71, 'M\'BAHIAKRO', 19, ''),
(72, 'M\'BATTO', 25, ''),
(73, 'MBENGUE', 28, ''),
(74, 'MEAGUI', 26, ''),
(75, 'MINIGNAN', 10, ''),
(76, 'NASSIAN', 8, ''),
(77, 'NIAKARA', 17, ''),
(78, 'ODIENNE', 21, ''),
(79, 'OUANGOLODOUGOU', 31, ''),
(80, 'OUANINOU', 4, ''),
(81, 'OUME', 13, ''),
(82, 'PORT BOUET-VRIDI', 2, ''),
(83, 'PRIKRO', 19, ''),
(84, 'SAKASSOU', 11, ''),
(85, 'SAN PEDRO', 29, ''),
(86, 'SANDEGUE', 14, ''),
(87, 'SASSANDRA', 12, ''),
(88, 'SEGUELA', 33, ''),
(89, 'SIKENSI', 3, ''),
(90, 'SINEMATIALI', 28, ''),
(91, 'SINFRA', 23, ''),
(92, 'SOUBRE', 26, ''),
(93, 'TABOU', 29, ''),
(94, 'TAÏ', 9, ''),
(95, 'TANDA', 14, ''),
(96, 'TEHINI', 8, ''),
(97, 'TENGRELA', 5, ''),
(98, 'TIAPOUM', 30, ''),
(99, 'TIASSALE', 3, ''),
(100, 'TIEBISSOU', 6, ''),
(101, 'TOUBA', 4, ''),
(102, 'TOULEPLEU', 9, ''),
(103, 'TOUMODI', 6, ''),
(104, 'TRANSUA', 14, ''),
(105, 'TREICHVILLE-MARCORY', 2, ''),
(106, 'VAVOUA', 18, ''),
(107, 'YAKASSE-ATTOBROU', 24, ''),
(108, 'YAMOUSSOUKRO', 6, ''),
(109, 'YOPOUGON-EST', 1, ''),
(110, 'YOPOUGON-OUEST-SONGON', 1, ''),
(111, 'ZOUAN-HOUNIEN', 32, ''),
(112, 'ZOUKOUGBEU', 18, ''),
(113, 'ZUENOULA', 23, '');

-- --------------------------------------------------------

--
-- Structure de la table `t_pres`
--

CREATE TABLE `t_pres` (
  `id` int(11) NOT NULL,
  `nom` varchar(20) DEFAULT NULL,
  `commentaire` text DEFAULT NULL
) ENGINE=InnoDB DEFAULT CHARSET=utf8mb4 COLLATE=utf8mb4_general_ci;

--
-- Déchargement des données de la table `t_pres`
--

INSERT INTO `t_pres` (`id`, `nom`, `commentaire`) VALUES
(1, 'ABENGOUROU', NULL),
(2, 'ABIDJAN', NULL),
(3, 'BONDOUKOU', NULL),
(4, 'BOUAKE', NULL),
(5, 'DALOA', NULL),
(6, 'KORHOGO', NULL),
(7, 'MAN', NULL),
(8, 'ODIENNE', NULL),
(9, 'SAN PEDRO', NULL),
(10, 'YAMOUSSOUKRO', NULL);

-- --------------------------------------------------------

--
-- Structure de la table `t_region`
--

CREATE TABLE `t_region` (
  `id` int(11) NOT NULL,
  `nom` varchar(20) DEFAULT NULL,
  `pres_id` int(11) NOT NULL,
  `commentaire` text DEFAULT NULL
) ENGINE=InnoDB DEFAULT CHARSET=utf8mb4 COLLATE=utf8mb4_general_ci;

--
-- Déchargement des données de la table `t_region`
--

INSERT INTO `t_region` (`id`, `nom`, `pres_id`, `commentaire`) VALUES
(1, 'ABIDJAN 1', 2, NULL),
(2, 'ABIDJAN 2', 2, NULL),
(3, 'AGNEBY-TIASSA', 2, NULL),
(4, 'BAFING', 8, NULL),
(5, 'BAGOUE', 6, NULL),
(6, 'BELIER', 10, NULL),
(7, 'BERE', 5, NULL),
(8, 'BOUNKANI', 3, NULL),
(9, 'CAVALLY', 7, NULL),
(10, 'FOLON', 8, NULL),
(11, 'GBEKE', 4, NULL),
(12, 'GBOKLE', 9, NULL),
(13, 'GOH', 9, NULL),
(14, 'GONTOUGO', 3, NULL),
(15, 'GRANDS PONTS', 2, NULL),
(16, 'GUEMON', 7, NULL),
(17, 'HAMBOL', 4, NULL),
(18, 'HAUT-SASSANDRA', 5, NULL),
(19, 'IFFOU', 1, NULL),
(20, 'INDENIE-DJUABLIN', 1, NULL),
(21, 'KABADOUGOU', 8, NULL),
(22, 'LOH-DJIBOUA', 9, NULL),
(23, 'MARAHOUE', 10, NULL),
(24, 'ME', 2, NULL),
(25, 'MORONOU', 1, NULL),
(26, 'NAWA', 9, NULL),
(27, 'NZ\'I', 10, NULL),
(28, 'PORO', 6, NULL),
(29, 'SAN PEDRO', 9, NULL),
(30, 'SUD-COMOE', 2, NULL),
(31, 'TCHOLOGO', 6, NULL),
(32, 'TONKPI', 7, NULL),
(33, 'WORODOUGOU', 5, NULL);

-- --------------------------------------------------------

--
-- Structure de la table `t_site`
--

CREATE TABLE `t_site` (
  `id` int(11) NOT NULL,
  `nom` varchar(30) NOT NULL,
  `prenoms` varchar(50) NOT NULL,
  `emploi` varchar(100) NOT NULL,
  `contact` varchar(20) NOT NULL,
  `region_id` int(11) NOT NULL,
  `lat` varchar(20) NOT NULL,
  `lng` varchar(20) NOT NULL
) ENGINE=InnoDB DEFAULT CHARSET=utf8mb4 COLLATE=utf8mb4_general_ci;

--
-- Déchargement des données de la table `t_site`
--

INSERT INTO `t_site` (`id`, `nom`, `prenoms`, `emploi`, `contact`, `region_id`, `lat`, `lng`) VALUES
(1, 'KOUMAN \r\n', 'ADJA ', 'PHARMACIEN', '07 07 88 98 79', 3, '5.95394801', '-5.2457310'),
(2, 'GBOCHO \r\n', 'ARMAND', 'PHARMACIEN', '07 07 11 86 23', 3, '5.9539485', '-5.2457308'),
(3, 'DION \r\n', 'JUDICAELLE', 'PHARMACIEN', '07 48 20 22 72', 3, '5.9539489', '-5.2457309'),
(4, 'TOFFE', 'LUCIEN', 'PHARMACIEN', '07 48 40 20 07', 3, '5.9539492', '-5.2457311'),
(5, 'YOHOU \r\n', 'ALEXIS GUILLAU24', 'PHARMACIEN', '07 67 11 76 85', 3, '5.93433596', '-4.2562165'),
(6, 'KOUA24 \r\n', 'KOFFI MATHURIN', 'PHARMACIEN', '07 49 82 68 41', 3, '5.9343357', '-4.2562166'),
(7, 'TRAORE ', 'KADIDIATOU EPOUSE SYLLA ', 'PGP', '07 48 04 55 20', 3, '5.9343353', '-4.2562164'),
(8, 'GOGBEU \r\n', 'DAN ABOU', 'PGP', '05 05 70 10 32', 3, '5.9343351', '-4.2562164'),
(9, 'KOFFI \r\n', 'KOUASSI MARIUS', 'PGP', '01 02 25 31 02', 3, '5.9343359', '-4.2562164'),
(10, 'ALLA ', ' N\'DA KOUASSI G.', 'PGP', '07 48 12 90 88', 3, '5.9343359', '-4.2562164'),
(11, 'TIE BI \r\n', 'TIBÉ LÉON', 'PGP', '07 07 36 57 20', 3, '5.9539481', '-5.2457307'),
(12, 'ODI ', 'OWO SALO24', 'PGP', '', 3, '5.9539481', '-5.2457307'),
(13, 'KOUAKOU ', 'N’GUESSAN BAGNAN FRANCK', 'PHARMACIEN', '07 59 08 98 86', 3, '5.8986088', '-4.8488978'),
(14, 'KOUADIO ', 'FAITEY ANDERSON', 'PHARMACIEN', '07 47 84 59 97', 3, '5.8986088', '-4.8488978'),
(15, 'KONATE ', 'GNOUHO-MAIMOUNA', 'PHARMACIEN', '07 47 56 24 00', 3, '5.8986088', '-4.8488978'),
(16, 'DIAGABATE \r\n', 'MAURY', 'PGP', '07 07 25 66 36      ', 3, '5.8986088', '-4.8488978'),
(17, 'ASSA ', 'ABOU VALÈNE FRÉDERIC QUÉVINE', 'PGP', '07 57 81 25 52  \r\n', 3, '5.8986088', '-4.8488978'),
(18, 'KOUELI ', 'CHRISTOPHE ', 'PGP', '07 07 25 30 19', 3, '5.8986088', '-4.8488978'),
(19, 'YOBOUET ', 'N\'GBEDOU SERAPHIN', 'PHARMACIEN', '07 07 71 68 50', 3, '5.8986088', '-4.8488978'),
(20, 'DADJE', ' CYRIAQUE JOEL', 'PHARMACIEN', '', 3, '5.8986088', '-4.8488978'),
(21, 'ABEMOU \r\n', 'GWLADYS ', 'PGP', '01 02 62 76 90\r\n', 3, '5.8986088', '-4.8488978'),
(22, 'ASSEMIAN \r\n', 'KOUA PAUL', 'PGP', '01 01 08 15 83\r\n', 3, '5.8986088', '-4.8488978'),
(23, 'SABE \r\n', 'ARISTIDE', 'PHARMACIEN', '07 07 94 17 80', 3, '5.8986088', '-4.8488978'),
(24, 'MANZAN', ' YAA AI24E FELICITE', 'PHARMACIEN', '07 69 65 31 96', 3, '5.8986088', '-4.8488978'),
(25, 'GNEPA \r\n', 'SAM', 'PGP', '07 07 13 08 82', 3, '5.8986088', '-4.8488978'),
(26, 'DIABAGATE \r\n', 'MOHA24D', 'PHARMACIEN', '07 48 76 63 30', 3, '5.6678965', '-4.581771'),
(27, 'KASSE\r\n', 'APPOLINAIRE ', 'PGP', '', 3, '5.6678965', '-4.581771'),
(28, 'ASSOA', 'TANOH MARCEL', 'PGP', '07 07 96 82 71', 3, '5.6678965', '-4.581771'),
(29, 'KOUASSI \r\n', 'BLAISE', 'PHARMACIEN', '07 79 02 09 98', 3, '5.6678965', '-4.581771'),
(30, 'KUMASSI \r\n', 'ADOU PASCAL', 'PHARMACIEN', '07 09 18 79 81', 3, '5.6678965', '-4.581771');

-- --------------------------------------------------------

--
-- Structure de la table `t_sites`
--

CREATE TABLE `t_sites` (
  `id` int(11) NOT NULL,
  `nom` varchar(100) NOT NULL,
  `prenoms` varchar(100) NOT NULL,
  `emploi` varchar(100) NOT NULL,
  `contact` varchar(20) NOT NULL,
  `region_id` int(11) NOT NULL,
  `lat` varchar(20) NOT NULL,
  `lng` varchar(20) NOT NULL
) ENGINE=InnoDB DEFAULT CHARSET=utf8mb4 COLLATE=utf8mb4_general_ci;

--
-- Déchargement des données de la table `t_sites`
--

INSERT INTO `t_sites` (`id`, `nom`, `prenoms`, `emploi`, `contact`, `region_id`, `lat`, `lng`) VALUES
(1, 'KOUMAN \r\n', 'ADJA ', 'PHARMACIEN', '07 07 88 98 79', 3, '5.9539481 ', '-5.2457307'),
(2, 'GBOCHO \r\n', 'ARMAND', 'PHARMACIEN', '07 07 11 86 23', 3, '5.9539482', '-5.2457307'),
(3, 'DION \r\n', 'JUDICAELLE', 'PHARMACIEN', '07 48 20 22 72', 3, '5.9539483', '-5.2457307'),
(4, 'TOFFE ', 'LUCIEN', 'PHARMACIEN', '07 48 40 20 07', 3, '5.9539484', '-5.2457307'),
(5, 'YOHOU \r\n', 'ALEXIS GUILLAU24', 'PHARMACIEN', '07 67 11 76 85', 3, '5.9343359', '-4.2562164'),
(6, 'KOUA\r\n', 'KOFFI MATHURIN', 'PHARMACIEN', '07 49 82 68 41', 3, '5.9343360', '-4.2562165'),
(7, 'TRAORE ', 'KADIDIATOU EPOUSE SYLLA ', 'PGP', '07 48 04 55 20', 3, '5.9343361', '-4.2562166'),
(8, 'GOGBEU \r\n', 'DAN ABOU', 'PGP', '05 05 70 10 32', 3, '5.9343362', '-4.2562167'),
(9, 'KOFFI \r\n', 'KOUASSI MARIUS', 'PGP', '01 02 25 31 02', 3, '5.9343363', '-4.2562168'),
(10, 'ALLA ', ' N\'DA KOUASSI G.', 'PGP', '07 48 12 90 88', 3, '5.9343364', '-4.2562169'),
(11, 'TIE BI \r\n', 'TIBÉ LÉON', 'PGP', '07 07 36 57 20', 3, '5.9343365', '-4.2562170'),
(12, 'ODI ', 'OWO SALOME', 'PGP', '', 3, '5.9343366', '-4.2562171'),
(13, 'KOUAKOU ', 'N’GUESSAN BAGNAN FRANCK', 'PHARMACIEN', '07 59 08 98 86', 3, '5.8986088', '-4.848898'),
(14, 'KOUADIO ', 'FAITEY ANDERSON', 'PHARMACIEN', '07 47 84 59 97', 3, '5.8986089', '-4.848898'),
(15, 'KONATE ', 'GNOUHO-MAIMOUNA', 'PHARMACIEN', '07 47 56 24 00', 3, '5.8986090', '-4.848898'),
(16, 'DIAGABATE \r\n', 'MAURY', 'PGP', '07 07 25 66 36      ', 3, '5.8986091', '-4.848898'),
(17, 'ASSA ', 'ABOU VALÈNE FRÉDERIC QUÉVINE', 'PGP', '07 57 81 25 52  \r\n', 3, '5.8986092', '-4.848898'),
(18, 'KOUELI ', 'CHRISTOPHE ', 'PGP', '07 07 25 30 19', 3, '5.8986093', '-4.848898'),
(19, 'YOBOUET ', 'N\'GBEDOU SERAPHIN', 'PHARMACIEN', '07 07 71 68 50', 3, '5.8986094', '-4.848898'),
(20, 'DADJE', ' CYRIAQUE JOEL', 'PHARMACIEN', '', 3, '5.8986095', '-4.848898'),
(21, 'ABEMOU \r\n', 'GWLADYS ', 'PGP', '01 02 62 76 90\r\n', 3, '5.8986096', '-4.848898'),
(22, 'ASSEMIAN \r\n', 'KOUA PAUL', 'PGP', '01 01 08 15 83\r\n', 3, '5.8986097', '-4.848898'),
(23, 'KOUA\r\n', 'KOFFI MATHURIN', 'PHARMACIEN', '07 49 82 68 41', 3, '5.9343360', '-4.2562165'),
(24, 'TRAORE ', 'KADIDIATOU EPOUSE SYLLA ', 'PGP', '07 48 04 55 20', 3, '5.9343361', '-4.2562166'),
(25, 'GOGBEU \r\n', 'DAN ABOU', 'PGP', '05 05 70 10 32', 3, '5.9343362', '-4.2562167'),
(26, 'KOFFI \r\n', 'KOUASSI MARIUS', 'PGP', '01 02 25 31 02', 3, '5.9343363', '-4.2562168'),
(27, 'ALLA ', ' N\'DA KOUASSI G.', 'PGP', '07 48 12 90 88', 3, '5.9343364', '-4.2562169'),
(28, 'TIE BI \r\n', 'TIBÉ LÉON', 'PGP', '07 07 36 57 20', 3, '5.9343365', '-4.2562170'),
(30, 'KOUAKOU ', 'N’GUESSAN BAGNAN FRANCK', 'PHARMACIEN', '07 59 08 98 86', 3, '5.8986088', '-4.848898'),
(31, 'KOUADIO ', 'FAITEY ANDERSON', 'PHARMACIEN', '07 47 84 59 97', 3, '5.8986089', '-4.848898'),
(32, 'KONATE ', 'GNOUHO-MAIMOUNA', 'PHARMACIEN', '07 47 56 24 00', 3, '5.8986090', '-4.848898'),
(33, 'DIAGABATE \r\n', 'MAURY', 'PGP', '07 07 25 66 36      ', 3, '5.8986091', '-4.848898'),
(34, 'ASSA ', 'ABOU VALÈNE FRÉDERIC QUÉVINE', 'PGP', '07 57 81 25 52  \r\n', 3, '5.8986092', '-4.848898'),
(35, 'KOUELI ', 'CHRISTOPHE ', 'PGP', '07 07 25 30 19', 3, '5.8986093', '-4.848898'),
(36, 'YOBOUET ', 'N\'GBEDOU SERAPHIN', 'PHARMACIEN', '07 07 71 68 50', 3, '5.8986094', '-4.848898'),
(37, 'DADJE', ' CYRIAQUE JOEL', 'PHARMACIEN', '', 3, '5.8986095', '-4.848898'),
(38, 'ABEMOU \r\n', 'GWLADYS ', 'PGP', '01 02 62 76 90\r\n', 3, '5.8986096', '-4.848898'),
(39, 'ASSEMIAN \r\n', 'KOUA PAUL', 'PGP', '01 01 08 15 83\r\n', 3, '5.8986097', '-4.848898'),
(40, 'SABE \r\n', 'ARISTIDE', 'PHARMACIEN', '07 07 94 17 80', 3, '5.8986098', '-4.848898'),
(41, 'MANZAN', ' YAA AI24E FELICITE', 'PHARMACIEN', '07 69 65 31 96', 3, '5.8986099', '-4.848898'),
(42, 'GNEPA \r\n', 'SAM', 'PGP', '07 07 13 08 82', 3, '5.8986100', '-4.848898'),
(43, 'DIABAGATE \r\n', 'MOHA24D', 'PHARMACIEN', '07 48 76 63 30', 3, '5.6678965', '-4.581771'),
(44, 'KASSE\r\n', 'APPOLINAIRE ', 'PGP', '', 3, '5.6678966', '-4.581772'),
(45, 'ASSOA', 'TANOH MARCEL', 'PGP', '07 07 96 82 71', 3, '5.6678967', '-4.581773'),
(46, 'KOUASSI \r\n', 'BLAISE', 'PHARMACIEN', '07 79 02 09 98', 3, '5.6678968', '-4.581774'),
(47, 'KUMASSI \r\n', 'ADOU PASCAL', 'PHARMACIEN', '07 09 18 79 81', 3, '5.6678969', '-4.581775'),
(48, 'TOURE \r\n', 'FANTA', 'PGP', '07 09 75 37 05', 3, '5.6678970', '-4.581776'),
(49, 'KOUDOU ', 'ELVIS', 'PHARMACIEN', '07 57 27 52 51', 3, '5.9539481', '-5.2457307'),
(50, 'BROU FRANCINE', 'FRANCINE', 'PHARMACIEN', '', 3, '5.9539482', '-5.2457308'),
(51, 'DELI', '', 'PHARMACIEN', '07 59 25 95 05', 3, '5.9539483', '-5.2457309'),
(52, 'AKPAOU ', 'ANO JEAN CLAUDE', 'PGP', '07 47 18 93 79', 3, '5.9539484', '-5.2457310'),
(53, 'TOURE', ' ARDJOUMA', 'PGP', '07 07 91 66 55', 3, '5.9539485', '-5.2457311'),
(54, 'KOUAKOU ', 'KOFFI BERTIN', 'PGP', '07 07 76 04 14', 3, '5.9539486', '-5.2457312'),
(55, 'AGRI ', 'YAVO MARTIAL', 'PGP', '07 08 42 04 95', 3, '5.9539487', '-5.2457313'),
(56, 'YAPO ', 'DENON MARIE-MARCELLE', 'PGP', '07 48 34 37 77', 3, '5.9539488', '-5.2457314'),
(57, 'N’DRI ', 'KOFFI MICHEL', 'PGP', '07 57 13 91 60', 3, '5.9539489', '-5.2457315'),
(58, 'GBEI', 'AYÉ MARIE-EMMANUELLA', 'PGP', '07 87 65 47 65', 3, '5.9539490', '-5.2457316'),
(59, 'BAMBA \r\n', 'MARIE-DOMINIQUE', 'PGP', '07 77 82 89 34', 3, '5.9539491', '-5.2457317'),
(60, 'KONE \r\n', 'DOFERE ', 'PHARMACIEN', '07 08 83 78 88 \r\n', 5, '9.5213579', '-6.5035632'),
(408, 'BROU ', 'KONAN MARCELIN', 'PHARMACIEN', '07 89 86 86 36', 5, '9.5213581', '-6.5035634'),
(409, 'ZOGBE \r\n', 'DJETO JULIENNE', 'PGP', '07 48 69 43 04', 5, '9.5213582', '-6.5035635'),
(410, 'ZIAGBE ', 'AYE DESIRE', 'PGP', '07 09 19 35 32', 5, '9.5213583', '-6.5035636'),
(411, 'KOUASSI \r\n', 'AKISSI JULIE NATHALIE ', 'PHARMACIEN', '05 86 10 44 57', 5, '9.5213584', '-6.5035637'),
(412, 'BANTI BI \r\n', 'GERALD HILAIRE', 'PGP', '07 48 88 92 45', 5, '9.5213585', '-6.5035638'),
(413, 'N’ZUE', ' ADJOUA VALERIE ', 'PGP', '07 49 91 92 50', 5, '9.5213586', '-6.5035639'),
(414, 'KRE \r\n', ' ABRO JONAS', 'PHARMACIEN', '05 46 43 03 85', 5, '9.8922317', '-6.4213372'),
(415, 'SY     \r\n', 'SAVANE VAZOUMANA   ', 'PHARMACIEN', '07 08 18 13 72', 5, '9.5213580', '-6.5035633'),
(416, 'N’ZUE', ' ADJOUA VALERIE ', 'PGP', '07 49 91 92 50', 5, '9.5213586', '-6.5035639'),
(417, 'HAIDARA \r\n', 'ABDOULAYE  ', 'PGP', '07 07 51 02 28 ', 5, '9.8922319', '-6.4213374'),
(418, 'MEA', 'TOUSSAINT TELESPHORE', 'PGP', ' 07 58 00 04 02 ', 5, '9.8922320', '-6.4213375'),
(419, 'LOBA ', 'SEBASTIEN ', 'PHARMACIEN', '07 49 17 07 06 ', 5, '9.8922321', '-6.4213376'),
(420, 'LATHRO  ', 'RAOUL ', 'PGP', '07 59 65 00 46', 5, '9.8922322', '-6.4213377'),
(421, 'KONE \r\n', 'YEFARFIELE ISSIFOU', 'PHARMACIEN', '07 07 93 37 55', 5, '10.4822315', '-6.4291687'),
(422, 'KONATE', ' SIAKA', 'PHARMACIEN', '07 09 41 28 13', 5, '10.4822316', '-6.4291688'),
(423, 'COULIBALY \r\n', 'ADAMA', 'PGP', '05 06 02 45 79', 5, '10.4822317', '-6.4291689'),
(424, 'BONGOUA', ' ANTOINE', 'PGP', '07 47 42 71 39', 5, '10.4822318', '-6.4291690'),
(425, 'KOUA \r\n', 'BROU BENJAMIN', 'PHARMACIEN', '07 08 15 87 90', 5, '10.4822319', '-6.4291691'),
(426, 'MARIKO', 'DJENEBOU', 'PHARMACIEN', ' 07 58 96 50 25', 5, '10.4822320', '-6.4291692'),
(427, 'SAN \r\n', 'KOFFI NANGO', 'PGP', '07 47 30 90 92', 5, '10.4822321', '-6.4291693'),
(428, 'N\'DA ', 'EHUI EMMANUEL ', 'PHARMACIEN', '07 07 64 89 21', 6, '6.9231996', '-5.8206466'),
(429, 'KOUASSI ', 'MARIE ANGE EPOUSE KIPRE ', 'PHARMACIEN', '07 77 37 72 64', 6, '6.9231997', '-5.8206467'),
(430, 'KONAN ', 'ANDRE STAFORT', 'PHARMACIEN', '07 58 08 01 52', 6, '6.9231997', '-5.8206468'),
(431, 'KOFFI ', 'N\'GUESSAN LAURELLE MARINA EPOUSE ATTE ', 'PHARMACIEN', '07 09 46 92 52', 6, '6.8163183', '-5.5765118'),
(432, 'COULIBALY ', 'ADAMA', 'PHARMACIEN', '07 07 58 14 03 ', 6, '6.9231997', '-5.8206466'),
(433, 'YAPI ', 'HERVE NARCISSE', 'PHARMACIEN', '07 48 95 45 93 ', 6, '6.9231998', '-5.8206467'),
(434, 'BLE ', 'SIALLOU JOCELYNE', 'PHARMACIEN', '07 08 41 34 07', 6, '6.9231999', '-5.8206468'),
(435, 'KATCHIRE ', 'FRANCOIS', 'PHARMACIEN', '07 59 97 15 02', 6, '6.9232000', '-5.8206469'),
(436, 'GOSSE ', 'KOUASSI LOPEZ', 'PHARMACIEN', '07 47 24 88 45', 6, '6.9232001', '-5.8206470'),
(437, 'KOFFI ', 'AKISSI JEMIMA DESIREE ANDRE EPOUSE KONAN ', 'PHARMACIEN', '07 09 46 73 28', 6, '6.9232002', '-5.8206471'),
(438, 'GBANE ', 'HAMZA', 'PHARMACIEN', '07 07 87 23 87', 6, '6.9232003', '-5.8206472'),
(439, 'VABE ', 'MARIE CHARLENE ', 'PGP', '07 48 34 00 37', 6, '6.9232004', '-5.8206473'),
(440, 'DIOMANDE ', 'MAMOUIDE', 'PGP', '07 09 51 35 03', 6, '6.8163183', '-5.5765118'),
(441, 'YA BI ', 'ROLAND', 'PGP', '01 02 36 01 85', 6, '6.8163184', '-5.5765119'),
(442, 'ABITO ', 'MARTIAL ', 'PGP', '07 08 91 23 67', 6, '6.8163185', '-5.5765120'),
(443, 'KOUASSI ', 'KOUADIO EMMANUEL', 'PGP', '07 07 49 83 79', 6, '7.1559942', '-5.2621097'),
(444, 'N\'GROUMAN ', 'FRANCK OLIVIER', 'PGP', '07 07 36 90 25', 6, '6.8163183', '-5.5765118'),
(445, 'AKE ', 'YAPI JOCELAIN', 'PHARMACIEN', '07 07 97 60 85 ', 6, '6.8163184', '-5.5765119'),
(446, 'DIBI ', 'BEHEGBIN CARINE AUDREY', 'PHARMACIEN', '07 07 35 01 83', 6, '6.8163185', '-5.5765120'),
(447, 'TAPE ', 'GNAORE PACO24', 'PHARMACIEN', '07 47 40 02 15', 6, '6.8163186', '-5.5765121'),
(448, 'DARA ', 'DANIEL', 'PGP', '07 67 15 59 69', 6, '6.8163187', '-5.5765122'),
(449, 'ZADI ', 'SAINTHIA JUDICAEL', 'PGP', '07 08 62 45 97 ', 6, '6.8163188', '-5.5765123'),
(450, 'KOFFI ', 'A24NAN EDWIGE CECILE', 'PGP', '07 07 41 65 09', 6, '6.8163189', '-5.5765124'),
(451, 'EHOUMAN', '', 'PHARMACIEN', '01 03 03 23 40', 6, '6.8163190', '-5.5765125'),
(452, 'OKOU ', 'SOSTENE', 'PHARMACIEN', '07 57 68 22 82', 6, '7.1559942', '-5.2621097'),
(453, 'KANGA ', 'JOELLE', 'PGP', '07 49 55 92 74', 6, '7.1559943', '-5.2621098'),
(454, 'N GUESSAN ', 'YAO KOUAME DESIRE', 'PGP', '07 08 97 97 52 ', 6, '6.559225', '-5.0543995'),
(455, 'BINDE ', 'ANGE DAVID', 'PHARMACIEN', '07 57 50 20 05', 6, '6.559226', '-5.0543996'),
(456, 'DJANTO ', 'AGBEDAN LAURENT', 'PHARMACIEN', '07 07 62 81 77 ', 6, '6.559227', '-5.0543997'),
(457, ' N CHO ', 'N CHO STEPHANE', '', '07 07 79 68 02', 6, '6.559228', '-5.0543998'),
(458, 'YAO ', 'N DA  AMANI MARIE-JEANNE', 'PHARMACIEN', '07 78 94 65 04', 6, '6.559229', '-5.0543999'),
(459, 'YAO ', 'AMLAN EDWIGE', 'PGP', '07 49 39 76 60', 6, '6.559230', '-5.0544000'),
(460, 'KOUAKOU ', 'CARINE', 'PGP', '07 09 45 90 17', 6, '6.559231', '-5.0544001'),
(461, 'ZOHORE ', 'DJATCHI CHRISTIAN', 'PHARMACIEN', '07 07 17 21 46', 6, '6.559232', '-5.0544002'),
(462, 'NAYEHOUN ', 'KOUASSI SERAPHIN', 'PHARMACIEN', '07 07 36 42 40', 6, '7.1293602', '-4.9156957'),
(463, 'KOUAME ', 'BI FOUA RO24O', 'PGP', '07 49 45 85 12', 6, '7.1293603', '-4.9156958'),
(464, 'TOURE ', 'KIMA MARCELLIN', 'PHARMACIEN', '07 07 72 66 35', 6, '6.9231996', '-5.8206466'),
(465, 'SILUE ', 'DJOUFOU', 'PHARMACIEN', '07 58 79 09 00', 6, '6.9231997', '-5.8206467'),
(466, 'KOFFI ', 'AMANI PHOSTIN', 'PHARMACIEN', '07 09 80 98 76', 6, '6.9231998', '-5.8206468'),
(467, 'KOUADIO ', 'N GUESSAN SERGE', 'PGP', '07 48 30 69 04', 6, '6.9231999', '-5.8206469'),
(468, 'KOUAME ', 'BROU EDWIGE EPOUSE OUATTARA', 'PGP', '07 07 32 91 48', 6, '6.9232000', '-5.8206470'),
(469, 'OUPOH ', 'ZABAILLY FERNAND', 'PGP', '07 08 68 52 98', 6, '6.9232001', '-5.8206471'),
(480, 'ANOMA ', 'AKISHY HONORINE ANGELE', 'PHARMACIEN', '07 09 34 34 30', 6, '6.8163183', '-5.5765118'),
(481, 'KOFFI ', 'KOUAKOU', 'PGP', ' 01 43 08 09 48', 6, '6.8163184', '-5.5765119'),
(482, 'ALLUI ', 'KOUASSI FAUSTIN ', 'PGP', '07 07 11 93 33', 6, '6.8163185', '-5.5765120'),
(483, 'KOUAME ', 'MIAN PATRICK', 'PHARMACIEN', '07 08 04 01 04', 6, '6.8163186', '-5.5765121'),
(484, 'N GUESSAN ', 'KACOU WENCESLAS', 'PHARMACIEN', '07 59 44 12 61 ', 6, '6.8163187', '-5.5765122'),
(485, 'OULAI ', 'DESIRE', 'PGP', '07 07 16 81 11', 6, '6.8163188', '-5.5765123'),
(486, 'ANOH ', 'BADON ELODIE', 'PGP', '07 47 25 02 06', 6, '7.1559952', '-5.2458004'),
(487, 'KOFFI ', 'KOUA24 DESIRE', 'PHARMACIEN', '07 08 99 63 73', 6, '7.1559953', '-5.2458005'),
(488, 'GONKAPIEU ', 'CHRISTIAN AI24', 'PGP', '01 01 58 19 22', 6, '7.1559954', '-5.2458006'),
(489, 'KOUA24 ', 'KOUADIO ALEXIS ', 'PHARMACIEN', '07 08 52 36 70', 6, '7.1559955', '-5.2458007'),
(490, 'ASSOMA ', 'N TAMON ELIE', 'PHARMACIEN', '07 07 47 40 50', 6, '6.5592049', '-5.0277902'),
(491, 'BONNY ', 'WOGNIN JEAN PAUL', 'PGP', '07 57 81 42 32', 6, '6.5592050', '-5.0277903'),
(492, 'GNAGBO ', 'MARIUS', 'PGP', '07 08 630 391', 6, '6.5592051', '-5.0277904'),
(493, 'SILUE ', 'TIEMONGO ESAIE', 'PHARMACIEN', '07 08 88 60 05', 6, '6.5592052', '-5.0277905'),
(494, 'KOULIBALI ', 'KARNA', 'PHARMACIEN', '07 08 46 28 73', 6, '6.5592053', '-5.0277906'),
(495, 'OUELOGO ', 'NELA SAFIETOU', 'PGP', '07 77 57 09 23', 6, '6.5592054', '-5.0277907'),
(496, 'KONE ', 'ANIN ANGE MARYSE', 'PHARMACIEN', '07 49 20 34 88', 6, '6.5592055', '-5.0277908'),
(497, 'KOFFI ', 'N\'GORAN THOMAS D\'ACQUIN', 'PHARMACIEN', '07 07 12 29 90', 6, '6.5592056', '-5.0277909'),
(498, 'OUATTARA ', 'BOWELE', 'PHARMACIEN', '07 07 94 89 07', 6, '6.5592057', '-5.0277910'),
(499, 'GOLI ', 'CYNTHIA ANDREE JOELLE', 'PHARMACIEN', '07 59 23 46 44', 6, '6.5592058', '-5.0277911'),
(500, 'DONH ', 'MAH RICHARD', 'PHARMACIEN', '07 09 60 26 35', 6, '7.1293604', '-4.9075414'),
(501, 'BLE ', 'MARIE YOLANDE EPOUSE DOPEU', 'PHARMACIEN', '07 08 64 92 21', 6, '7.1293605', '-4.9075415'),
(502, 'DOPEU ', 'EDDY', 'PHARMACIEN', '07 07 44 18 19', 6, '7.1293606', '-4.9075416'),
(503, 'ADOU', ' JEAN YVES DIDIER', 'PHARMACIEN', '07 07 33 00 86 ', 7, '8.057103', '-6.2088206'),
(504, 'SENIN ', 'ATTOUA BÉATRICE AURIANE', 'PHARMACIEN', '07 98 52 67 66', 7, '8.057104', '-6.2088207'),
(505, 'KWAW', 'HASCIAND STÉPHANIE MARIETTE EDWIGE', 'PHARMACIEN', '07 57 76 96 68  ', 7, '8.057105', '-6.2088208'),
(506, 'DJOUMOU ', 'EDMOND MONDESIR', 'PHARMACIEN', '07 09 22 15 96  ', 7, '8.057106', '-6.2088209'),
(507, 'NAHI ', 'DJEMONDJEA NATHALIE', 'PHARMACIEN', '07 07 85 61 16', 7, '8.057107', '-6.2088210'),
(508, 'OUATTARA', ' KAGNINÉ', 'PHARMACIEN', '07 09 71 30 83 ', 7, '8.057108', '-6.2088211'),
(509, 'KOUAKOU ', 'ISMAEL STANISLAS', 'PHARMACIEN', '07 58 44 78 47 ', 7, '8.057109', '-6.2088212'),
(510, 'DOSSO ', 'NAMORY', 'PHARMACIEN', '05 05 65 32 11  ', 7, '8.057110', '-6.2088213'),
(511, 'YAO ', 'KOKO N’GUESSAN JEAN PAUL', 'PHARMACIEN', '07 09 73 47 83 ', 7, '8.057111', '-6.2088214'),
(512, 'N’CHO ', 'KOUAHO SIMPLICE', 'PHARMACIEN', '07 07 15 11 50', 7, '8.057112', '-6.2088215'),
(513, 'KOUAKOU ', 'BIANGNY JEAN MOISE', 'PHARMACIEN', '07 07 55 53 39', 7, '8.057113', '-6.2088216'),
(514, ' SYLLA ', 'SOKONA', 'PHARMACIEN', '07 08 77 62 34', 7, '8.057114', '-6.2088217'),
(515, 'BONGBAGUIE ', 'ADELAIDE SOPI', 'PHARMACIEN', '07 48 79 75 31 ', 7, '8.0538548', '-6.1908599'),
(516, 'AKA ', 'TIGORI AR24L', 'PHARMACIEN', '07 47 80 26 15', 7, '8.0538549', '-6.1908600'),
(517, 'YEO ', 'GNINHINNITINMIN ALFRED', 'PHARMACIEN', '07 07 68 55 46', 7, '8.0538550', '-6.1908601'),
(518, 'SINKO \r\n', 'VIRGINIE', 'PHARMACIEN', '07 07 56 95 67', 7, '7.6661796', '-6.5192098'),
(519, 'GBATO ', 'COMI PIERRE CLAVER', 'PHARMACIEN', '05 46 41 63 63', 7, '7.6661797', '-6.5192099'),
(520, 'DOUGBOYOU \r\n', 'ABRAHAM WILFRIED KAPET', 'PHARMACIEN', '07 08 29 12 09', 7, '8.0538550', '-6.1908599'),
(521, 'YAPO \r\n', 'DIABRA FRANCK', 'PHARMACIEN', '07 08 83 92 90', 7, '8.0538551', '-6.1908600'),
(522, 'YAPO ', 'HENRI JOEL ', 'PHARMACIEN', '07 47 46 56 61', 7, '7.6661797', '-6.5192098'),
(523, 'WANYOU \r\n', 'GORE ARISTIDE', 'PHARMACIEN', '07 08 64 25 71', 7, '7.6661798', '-6.5192099'),
(524, 'TRA ', 'CLAUSSEN ROSTAND', 'PHARMACIEN', '07 08 40 90 61', 24, '5.9373245', '-4.9138609'),
(525, 'DIGBEU ', 'TAPE JEAN MARC', 'PHARMACIEN', '07 77 15 12 46', 24, '5.9373246', '-4.9138610'),
(526, 'YAPI ', 'GILCHRIST LIONEL', 'PHARMACIEN', '07 07 32 52 60', 24, '5.9373247', '-4.9138611'),
(527, 'KOUAKOU ', 'ALLOU CAMUS', 'PHARMACIEN', '07 09 95 59 96', 24, '5.9373248', '-4.9138612'),
(528, 'GBADI ', 'JEAN DIDIER', 'PHARMACIEN', '07 48 37 43 49', 24, '5.9373249', '-4.9138613'),
(529, 'OBLE ', 'DJEDJI GERARD', 'PHARMACIEN', '07 58 14 79 20', 24, '5.9373250', '-4.9138614'),
(530, 'BREDOU ', 'ADJO CAR24N MARIE ANGE', 'PHARMACIEN', '07 69 22 62 77', 24, '5.9373251', '-4.9138615'),
(531, 'KOUADIO', 'ANGE SYLVAIN', 'PHARMACIEN', '07 07 77 95 63', 24, '5.9373252', '-4.9138616'),
(532, 'KOUASSI ', 'KOFFI SERGE', 'PGP', '07 47 70 09 52', 24, '5.9373253', '-4.9138617'),
(533, 'ANGUI ', 'ANGUI LEONCE', 'PGP', '07 07 15 76 86', 24, '5.9373254', '-4.9138618'),
(534, 'BIOSSE ', 'MANSAN ANNETTE', 'PGP', '01 42 49 83 82', 24, '5.9373255', '-4.9138619'),
(535, 'N’SSA ', 'APIE MARIE-MICHELLE', 'PGP', '07 48 71 90 09', 24, '5.9373256', '-4.9138620'),
(536, 'KOUA24 ', 'LOUKOU FRANCOISE', 'PGP', '07 48 86 07 81', 22, '5.8435361', '-5.4086651'),
(537, 'LECADOU ', 'GISELE', 'PGP', '', 22, '5.8435362', '-5.4086652'),
(538, 'M’BRA ', 'EFFO FIRMIN', 'PGP', '07 07 88 27 71', 22, '5.8435363', '-5.4086653'),
(539, 'SEGBATOUGO ', 'CHRISTIAN', 'PGP', '07 07 65 74 83', 22, '5.8435364', '-5.4086654'),
(540, 'SORO ', 'BAKARY', 'PGP', '07 49 91 91 43', 22, '5.8435365', '-5.4086655'),
(541, 'KOUA24 ', 'KOUA FIRMIN', 'PGP', '07 07 88 27 71', 22, '5.8435366', '-5.4086656'),
(542, 'KONE ', 'KORONA', 'PGP', '07 08 87 37 05', 22, '5.7153387', '-6.1448976'),
(543, 'SIKA ', 'CHARLES', 'PGP', '07 08 32 84 14', 22, '5.7153388', '-6.1448977'),
(544, 'ACKAH ', 'DESIRE FRANCOIS', 'PGP', '07 08 87 37 05', 22, '5.7153389', '-6.1448978'),
(545, 'ALLE ', 'ASSI THEOPHILE', 'PGP', '07 08 60 60 42', 22, '5.7153390', '-6.1448979'),
(546, 'OUATTARA', ' MAIMOUNA', 'PGP', '07 48 13 51 32', 22, '5.7153391', '-6.1448980'),
(547, 'YEO ', 'NANGO', 'PGP', '07 09 29 48 38', 22, '5.7153392', '-6.1448981'),
(548, 'AKE ', 'AUZICK', 'PGP', '07 48 76 72 95', 22, '5.7153393', '-6.1448982'),
(549, 'DIESSOU ', 'AYA MARIE JEANNE PRISCA', 'ITS', '07 67 24 13 36', 22, '5.7153394', '-6.1448983'),
(550, 'YAO ', 'DOMINIQUE SROBOUA ALAIN', 'ITS', '07 57 82 44 30', 22, '5.8435365', '-5.4086651'),
(551, 'MIAN ', 'AHOUA GEORGES', 'PGP', '07 08 30 82 63', 22, '5.8435366', '-5.4086652'),
(552, 'OUIDI ', 'CLE24NT', 'PGP', '07 07 52 57 90', 22, '5.8435367', '-5.4086653'),
(553, 'KACOU ', 'BLAISE ARISTIDE CYRILLE', 'PGP', '07 49 28 39 85', 22, '5.8435368', '-5.4086654'),
(554, 'EHOUMAN ', 'WINIE PATRICIA EPOUSE AHOUA', 'PGP', '07 77 67 52 27', 22, '5.8435369', '-5.4086655'),
(555, 'GALA BI ', 'NAMBOUI WILFRIED', 'PGP', '07 48 91 54 80', 22, '5.8435370', '-5.4086656'),
(556, 'ADINGRA ', 'KOFFI CHRISTIAN VIANEY', 'PGP', '07 48 89 76 66', 22, '5.8435371', '-5.4086657'),
(557, 'TAHOUA ', 'DJOHOU KEASSE ISAAC', 'PGP', '07 77 72 37 94', 22, '5.8435372', '-5.4086658'),
(558, 'KONAN ', 'ALBAN KOUASSI', 'PGP', '07 07 00 82 34', 22, '5.8435373', '-5.4086659'),
(559, 'TEDJE ', 'KOUESSI ANDRE RICHARD', 'PGP', '07 08 52 85 68', 22, '5.8435374', '-5.4086660'),
(560, 'KOUAKOU ', 'A24NAN PATRICIA', 'PGP', '07 08 12 66 25', 22, '5.8435375', '-5.4086661'),
(561, 'MAHI   ', 'GADOU CLAVER', 'PGP', '07 07 64 38 60', 22, '5.5205437', '-5.250435'),
(562, 'BLEOUE   ', 'MINSCELEBEY RAISSA', 'PGP', '07 08 85 18 51', 22, '5.5205438', '-5.250436'),
(563, 'TOURE ', 'GNINLINHINAPARAN  ', 'PGP', '07 08 33 76 22', 22, '5.5205439', '-5.250437'),
(564, 'DATE ', 'KOUABENAN YVES  ', 'PGP', '07 49 91 79 82 ', 22, '5.5205440', '-5.250438'),
(565, 'SOUAGNON', ' DJETE MURIELLE VANESSA', 'PGP', ' 07 07 45 33 20 ', 22, '5.5205441', '-5.250439'),
(566, 'YAO ', 'AMON CHARLES', 'PGP', ' 07 47 08 86 62', 22, '5.5205442', '-5.250440'),
(567, 'OTTANGBA \r\n', 'YAPO PAUL DESIRE', 'PGP', '07 07 96 47 59 ', 22, '5.5205443', '-5.250441'),
(568, 'KONE  \r\n', 'MARIA24', 'PGP', '07 08 57 76 64', 22, '5.5205444', '-5.250442'),
(569, 'ZOUGBA   ', 'KOUASSI EDOM', 'PGP', '07 59 20 08 79', 22, '5.5205445', '-5.250443'),
(570, 'AMANI ', ' PAITIANIAN EPOUSE KONAN', 'PHARMACIEN', '07 58 89 23 89', 8, '9.0785371', '-4.7741502'),
(571, 'KOUA24 ', 'KO24NAN ABOU ', 'PHARMACIEN', '07 47 40 36 64', 8, '9.2701258', '-3.0185345'),
(572, 'ZELE ', 'BALLOU GERVAIS', 'PHARMACIEN', '07 09 41 20 54', 8, '9.2701259', '-3.0185346'),
(573, 'BROU ', 'ETTIEN YVONNE EMMA', 'PHARMACIEN', '07 09 49 09 01', 8, '9.2701260', '-3.0185347'),
(574, 'TANOH ', 'KOUASSI AFFOUET INA RHOXANE ', 'PGP', '07 08 87 62 38', 8, '9.8113029', '-3.3555937'),
(575, 'ATTE ', 'YAVO MAX QUENTIN', 'PGP', '07 0 7 419122', 8, '9.8113030', '-3.3555938'),
(576, 'KOTCHI ', 'YAO EMMANUEL', 'PGP', '07 78 95 47 96', 8, '9.8113031', '-3.3555939'),
(577, 'KACOUYE ', 'PIERRE ROMAIN ', 'PHARMACIEN', '07 47 54 48 74', 8, '9.8113032', '-3.3555940'),
(578, 'ZANGUE ', 'TOUNGBIN KOFFI', 'PGP', '07 58 61 39 96', 8, '8.4743975', '-3.6947582'),
(579, 'KOUASSI ', 'ANDREE SUZANNE VANESSA', 'PGP', '07 49 31 68 34', 8, '8.4743976', '-3.6947583'),
(580, ' FADIGA ', 'KA IDRISSA', 'PGP', '07 08 62 52 34', 8, '9.6000209', '-3.6769668'),
(581, ' DEMBELE ', 'AHOUA', 'PGP', '07 77 21 19 10', 8, '9.6000210', '-3.6769669'),
(582, 'OUATTARA ', 'ALHOSSENE', 'PGP', '07 08 05 61 92', 8, '9.2701258', '-3.0185345'),
(583, 'BRAMAN', ' DAO', 'PHARMACIEN', '05 05 34 38 72', 8, '9.2701259', '-3.0185346'),
(584, 'ANON ', 'SOPIE NATHALIE', 'PHARMACIEN', '07 09 85 84 45', 8, '9.2701260', '-3.0185347'),
(585, 'NIANGORAN ', 'YAPI ANSEL24', 'PGP', '07 48 14 09 03', 8, '9.2701261', '-3.0185348'),
(586, 'GREBO ', 'ANNE THIRSTA EPOUSE KONAN', 'PHARMACIEN', '07 78 87 73 26', 8, '9.2701262', '-3.0185349'),
(587, 'ADJA', ' DINGUI AR24L', 'PGP', '07 57 25 25 45', 8, '9.8113029', '-3.3555937'),
(588, 'CAMARA', ' SALIM', 'PHARMACIEN', '07 77 03 91 13', 8, '9.8113030', '-3.3555938'),
(589, 'YA24 ', 'KOUASSI MARC LANDRY', 'PHARMACIEN', '07 08 50 96 64', 8, '8.4525048', '-3.5085458'),
(590, 'KOFFI', ' YAO ARISTIDE WILFRIED', 'PHARMACIEN', '07 57 14 49 04', 8, '8.4525049', '-3.5085459'),
(591, ' N’ZUE ', 'KOUADIO SEBASTIEN', 'PGP', '07 09 86 71 32 ', 8, '9.6000209', '-3.6769668'),
(592, 'N’GORAN ', 'KOFFI GUY FRANCK', 'PHARMACIEN', '07 07 62 22 33', 8, '9.6000210', '-3.6769669'),
(593, 'KONAN \r\n', 'KOFFI', 'PHARMACIEN', '07 07 29 25 61', 22, '5.8531811', '-5.7577016'),
(594, 'MANKOUA ', 'RO24O', 'PHARMACIEN', '07 78 15 78 11', 22, '5.8531812', '-5.7577017'),
(595, 'SAOURE ', ' KOUA24 MODESTE', 'PGP', '07 07 74 02 52', 22, '5.8531813', '-5.7577018'),
(596, 'DIBY', ' FABRICE NGUESSAN', 'PGP', '07 08 25 24 59', 22, '5.8531814', '-5.7577019'),
(597, 'N\'CHO ', 'N\'CHO JEAN BAPTISTE', 'PGP', '07 58 68 31 89', 22, '5.8531815', '-5.7577020'),
(598, 'TANO ', 'EMMANUEL ', 'PGP', '07 08 79 36 31', 22, '5.8531816', '-5.7577021'),
(599, 'KOUADIO ', 'KONAN JULES ', 'PGP', '07 49 77 83 34', 22, '5.8531817', '-5.7577022'),
(600, 'YOBOUE    ', 'N\'GUESSAN KOFFI  ', 'PGP', '07 08 81 81 08', 22, '5.8531818', '-5.7577023'),
(601, 'YEO ', 'ISSOUF LESSON ', 'PGP', '07 57 12 53 22', 22, '5.8531819', '-5.7577024'),
(602, 'AMON ', 'ANGE MICHAEL', 'PGP', '07 48 42 39 24', 22, '5.8531820', '-5.7577025'),
(603, 'KOUASSI ', 'MONNEY  JUDICAEL', 'PGP', '07 08 96 44 22', 22, '5.8531821', '-5.7577026'),
(604, 'SANOGO ', 'DJENEBA', 'PHARMACIEN', '07 09 71 73 71', 22, '5.8531822', '-5.7577027'),
(605, 'SOMA ', 'KYNA AUGUSTINE', 'PHARMACIEN', '07 09 86 66 33', 22, '5.8531823', '-5.7577028'),
(606, 'KOUAI ', 'TOH BI TIZIÉ DENIS', 'ITS', '07 09 00 42 32', 24, '5.5005096', '-3.6769868'),
(607, 'ESSE ', 'LINA CHARDEN EPOUSE AGNON', 'PGP', '07 89 23 72 73', 24, '5.5005097', '-3.6769869'),
(608, 'DAGO ', 'FABRICE', 'PGP', '07 08 45 84 59', 24, '5.5005098', '-3.6769870'),
(609, 'KOFFI ', 'ATHANASE KOUAKOU', 'PGP', '07 08 75 52 33', 24, '5.5005099', '-3.6769871'),
(610, 'KAMARA ', 'ADJARA EPOUSE YASSOGUI KONATÉ ', 'PHARMACIEN', '07 57 91 31 98', 24, '5.5005100', '-3.6769872'),
(611, 'N\'CHO ', 'BEHOU JEAN CLAUDE MAGLOIRE', 'PHARMACIEN', '07 09 40 43 70', 24, '5.5005101', '-3.6769873'),
(612, 'GAUZE ', 'MARIE LOTT TATIANA', 'PGP', '05 84 64 36 20', 24, '5.5005102', '-3.6769874'),
(613, 'KICHIEDOU ', 'N\'DJA INNOCENT', 'PGP', '07 49 58 04 12', 24, '5.5005103', '-3.6769875'),
(614, 'YEO ', 'FOUNGNIGUE', 'PGP', '07 07 26 08 24', 24, '5.5005104', '-3.6769876'),
(615, 'LALY', ' RICHEMOND HIPPOLYTE', 'PGP', '07 49 55 56 93', 24, '5.5005105', '-3.6769877'),
(616, 'GOORÉ ', 'KAMA LOU GOZI NINA EPOUSE BELAI', 'PGP', '07 47 77 80 70', 24, '5.5005106', '-3.6769878'),
(617, 'KONAN ', 'GILEGUY A24NAN BERNADETTE ', 'PGP', '07 08 14 33 13', 24, '5.5005107', '-3.6769879'),
(618, 'KOUA24 ', 'KOUASSI JUSTE AI24', 'PHARMACIEN', '07 59 47 04 46', 24, '5.5005108', '-3.6769880'),
(619, 'SIMI ', 'TOHINDY RAYMOND', 'PHARMACIEN', '07 48 14 46 48', 24, '5.5005109', '-3.6769881'),
(620, 'AKA ', 'KOUASSI BASILE', 'PGP', '05 64 05 48 00', 24, '5.5005110', '-3.6769882'),
(621, 'AKPOUE ', 'KOFFI KOUAMÉ ROLAND', 'PGP', '07 49 73 27 49', 24, '5.5005111', '-3.6769883'),
(622, 'AFFROUMOU ', 'KOUAMÉ NOEL', 'PGP', '07 07 17 10 78', 24, '5.5005112', '-3.6769884'),
(623, 'KOUA ', 'AHIWA DANIELLE ANGÈLE', 'PGP', '05 46 09 85 25', 24, '5.5005113', '-3.6769885'),
(624, 'DIBO ', 'DEASSIO ARTHUR ISMAEL', 'PHARMACIEN', '07 48 13 89 81 ', 12, '5.2437124', '-6.5952867'),
(625, 'KONAN ', 'ROGER', 'PGP', '07 59 76 56 75', 12, '4.9497598', '-6.0989142'),
(626, 'N’GBECHE ', 'AGNI ANGE', 'PGP', '07 77 55 69 16', 12, '4.9497599', '-6.0989143'),
(627, 'DIOMANDE ', 'KLA', 'PHARMACIEN', '07 08 41 33 46', 12, '4.9497600', '-6.0989144'),
(628, 'TIA ', 'KESSE ANGELA', 'PHARMACIEN', '07 78 00 42 26', 12, '4.9497601', '-6.0989145'),
(629, 'N\'DIAYE ', 'ALI HA24D BADARA', 'PHARMACIEN', '07 49 78 49 22', 12, '4.9497602', '-6.0989146'),
(630, 'KAMAGATE ', 'NAKONGON', 'PHARMACIEN', '07 49 92 96 18', 12, '4.9497603', '-6.0989147'),
(631, 'YAO ', 'N’DRI GÉRARD', 'PGP', '07 07 52 43 90', 12, '4.9497604', '-6.0989148'),
(632, 'AKA ', 'YAH LUCIENNE EPOUSE KOUADIO', 'PGP', '07 09 60 36 66', 12, '4.9497605', '-6.0989149'),
(633, 'OUATTARA', ' ISSOUF', 'PGP', '07 09 53 38 53', 12, '4.9497606', '-6.0989150'),
(634, 'ZION \r\n', 'GOY BRICE', 'PGP', '07 47 74 25 43', 12, '4.9497607', '-6.0989151'),
(635, 'GNEBA ', 'AKAFFOU MARTIAL', 'PGP', '07 08 69 30 36', 12, '4.9497608', '-6.0989152'),
(636, 'BROU ', 'DAGOU GHALEB DE PAUL', 'PGP', '07 59 19 23 13', 12, '4.9497609', '-6.0989153'),
(637, 'N’DRI ', 'GREGOIRE ', 'PHARMACIEN', '07 08 02 03 82', 12, '4.9497610', '-6.0989154'),
(638, 'YAO ', 'KOUA24 ARSÈNE ', 'PGP', '05 05 48 48 16', 12, '4.9497611', '-6.0989155'),
(639, 'KONAN ', 'PIERRE ARTHUR', 'PGP', '07 08 92 49 46', 12, '4.9497612', '-6.0989156'),
(640, 'SOUWAN ', 'KOUDOU GILDAS', 'PHARMACIEN', '07 08 36 93 28', 12, '4.9497613', '-6.0989157'),
(641, 'KONAN ', 'KOUAKOU MARCELIN', 'PGP', '07 08 88 27 18', 12, '4.9497614', '-6.0989158'),
(642, 'DIGBEU', 'ANGE MARIO', 'PHARMACIEN', '07 47 14 87 27 ', 14, '7.9184041', '-5.6480403'),
(643, 'NENE BI ', 'ZAH ANGE BRICE', 'PHARMACIEN ', '07 08 22 27 69', 14, '7.9184042', '-5.6480404'),
(644, 'KONAN', 'CLAIRE ORIANE', 'PHARMACIEN', '07 49 32 11 06', 14, '7.9184043', '-5.6480405'),
(645, 'SOUMAHORO', 'AICHA', 'PHARMACIEN', '07 67 65 10 22 ', 14, '7.9184044', '-5.6480406'),
(646, 'KOUAKOU', 'KOUAKOU KOBENAN', 'PGP', '07 08 60 75 58', 14, '7.9184045', '-5.6480407'),
(647, 'IRIE BI ', 'TRAZIE FAUSTIN', 'PGP', '07 57 33 57 30 ', 14, '7.9184046', '-5.6480408'),
(648, 'TRAORE', 'SEYDOU LACINA', 'PGP', '07 47 62 58 31', 14, '7.9184047', '-5.6480409'),
(649, 'AMANI ', 'PARFAIT', 'PGP', '07 09 52 22 18', 14, '7.9184048', '-5.6480410'),
(650, 'AMANI ', 'OI AMANI PARFAIT', 'PGP', '07 47 27 49 45', 14, '7.9184049', '-5.6480411'),
(651, 'KOKI', 'YAPI PAUL ERIC', 'PHARMACIEN ', '07 07 64 88 06', 14, '8.0405317', '-2.8166631'),
(652, 'GBETE ', 'YOLOU AUBIN', 'PHARMACIEN', '07 59 80 01 76', 14, '8.0405318', '-2.8166632'),
(653, 'COULIBALY', 'ISMAÏLA', 'PGP', '07 08 00 58 62', 14, '8.0405319', '-2.8166633'),
(654, 'ADJA ', 'MATHIEU LUCIEN', 'PGP', '07 47 09 48 55', 14, '8.0405320', '-2.8166634'),
(655, 'KOUADIO', 'FRANCK ELYSÉE', 'PGP', '07 59 66 66 01', 14, '8.0405321', '-2.8166635'),
(656, 'KOUYATE', 'ABOU BAKARY', 'PGP', '07 O8 78 25 76', 14, '8.0405322', '-2.8166636'),
(657, 'KOUAKOU ', 'FRONGBOKERE ALI', 'PHARMACIEN ', '07 47 15 27 88', 14, '7.4814522', '-3.2725957'),
(658, 'KOUA24', 'M\'BIA MOUSSA', 'PGP', '07 07 32 02 94', 14, '7.4814523', '-3.2725958'),
(659, 'DAPAH', 'YAO MAIZAN MATHIAS', 'PGP', '07 09 06 70 60 ', 14, '7.4814524', '-3.2725959'),
(660, 'TIE24LE', 'JACQUES', 'IDE', '07 09 83 95 94', 14, '7.4814525', '-3.2725960'),
(661, 'YAPI', 'BONI PARFAIT', 'PHARMACIEN ', '07 47 27 47 27 ', 14, '7.4814526', '-3.2725961'),
(662, 'N\'GUETTIA', 'KOFFI ALEXANDRE', 'PGP', '07 09 09 99 64 ', 14, '7.4814527', '-3.2725962'),
(663, 'TOURE', 'ABDOULAYE ', 'PGP', '07 08 81 02 68 ', 14, '7.4814528', '-3.2725963'),
(664, 'EBEGUI', 'YAPI DIDIER VINCENT', 'PHARMACIEN ', '01 40 00 87 76', 14, '7.954878', '-3.5996537'),
(665, 'FRY', 'PASCAL', 'PGP', ' 07 07 51 79 65', 14, '7.954879', '-3.5996538'),
(666, 'SEA', 'DEMANOY CARINE', 'PHARMACIEN ', '07 09 05 20 54', 14, '7.954880', '-3.5996539'),
(667, 'KOUAKOU', 'SOUMAÏLA', 'PGP', '07 08 73 30 59', 14, '7.954881', '-3.5996540'),
(668, 'KLOHI', 'DEHENON HUGUES MARIUS', 'PHARMACIEN ', '07 08 06 25 17 ', 14, '7.8012241', '-3.1872371'),
(669, 'BONY', 'N\'DA A.NELLY MARGUERITTE', 'PHARMACIEN', '07 57 87 79 56 ', 14, '7.8012242', '-3.1872372'),
(670, 'SCHMITT', 'MICHEL', 'PGP', '07 48 70 00 28', 14, '7.8012243', '-3.1872373'),
(671, 'ZAOULI', 'LOU FEHIMAN ESTHER', 'PGP', '07 87 05 85 73', 14, '7.8012244', '-3.1872374'),
(672, 'TANOH', 'KWAMÉ JOACHIM ADJÉ', 'PHARMACIEN ', '07 07 11 48 03', 14, '7.8012245', '-3.1872375'),
(673, 'DIARRASSOUBA', 'NGOLO', 'PHARMACIEN', '07 07 18 23 64 ', 14, '7.8012246', '-3.1872376'),
(674, 'TRA épouse ANO', 'LOU LATH IRIÉ VÉRONIQUE', 'PGP', '07 59 92 02 70', 14, '7.8012247', '-3.1872377'),
(675, 'SILUE', 'ABOUDOU', 'PHARMACIEN ', '07 09 61 50 59', 14, '7.547596', '-3.0277738'),
(676, 'ALLEPO', 'MONCHI INES PRINCILIA', 'PGP', '07 78 12 81 75', 14, '7.547597', '-3.0277739'),
(677, 'YAO', 'YOBOUET JOEL DANNY', 'PGP', '07 77 83 04 19', 14, '7.547598', '-3.0277740'),
(678, 'MONNET ', 'ODIBAH EDWIGE TATIANA EPOUSE BONI', 'PGP', '07 47 68 08 24', 14, '7.547599', '-3.0277741'),
(679, 'KEITA', 'AH24D', 'PGP', '07 48 68 66 76', 14, '7.547600', '-3.0277742'),
(680, 'DJOBO ', 'ADJE WILFRIED ', 'PHARMACIEN', '', 15, '5.4527016', '-7.2314326'),
(681, 'ASSOHOU ', 'EBIMM MURIELLE', 'PHARMACIEN', '', 15, '5.4527017', '-7.2314327'),
(682, 'TOPKA', 'DANIEL ', 'PHARMACIEN', '', 15, '5.3243406', '-4.4160384'),
(683, 'KOUADIO ', 'PAUL', 'PHARMACIEN', '', 15, '5.3243407', '-4.4160385'),
(684, 'YARA', ' SALIF', 'PHARMACIEN', '', 15, '5.3243408', '-4.4160386'),
(685, 'KOTOKOU ', 'MONIQUE', 'PHARMACIEN', '', 15, '5.3243409', '-4.4160387'),
(686, 'BROU ', 'NICOLAS', 'PHARMACIEN', '', 15, '5.3243410', '-4.4160388'),
(687, 'ADOU ', 'PHILIPPE', 'PHARMACIEN', '', 15, '5.3243411', '-4.4160389'),
(688, 'KEDJEBO ', 'ADJOA INNOCENTE', 'PHARMACIEN', '07 57 82 40 84', 15, '5.2059805', '-4.4867851'),
(689, 'ANOMA', '', 'PHARMACIEN', '', 15, '5.2059806', '-4.4867852'),
(690, 'KONE ', 'BRAHIMA', 'PHARMACIEN', '', 15, '5.1364029', '-5.0342274'),
(691, 'OYA ', 'MANDA', 'PHARMACIEN', '', 15, '5.1364030', '-5.0342275'),
(692, 'KONAN ', 'APPOLINAIRE', 'PHARMACIEN', '', 15, '5.1364031', '-5.0342276'),
(693, 'KONAN ', 'GLADYS EPOUSE N\'GROUMAN', 'PHARMACIEN', '07 47 16 93 88', 18, '7.0288911', '-8.8811883'),
(694, 'GOLOUO ', 'INES', 'PHARMACIEN', '07 08 85 48 40', 18, '7.0288912', '-8.8811884'),
(695, 'KOUAKOU ', 'AHOU RUTH INES', 'PHARMACIEN', '07 78 77 30 30', 18, '7.0288913', '-8.8811885'),
(696, 'A24SSAN ', 'LAZARE', 'ITS', '01 01 34 14 29', 18, '7.0288914', '-8.8811886'),
(697, 'TRAORE ', 'KADINON', 'PGP', '07 07 64 24 08', 18, '7.0288915', '-8.8811887'),
(698, 'N\'GOLE ', 'MANGNI CAROLINE EPOUSE KRAMO', 'PGP', '01 03 71 41 95', 18, '7.0288916', '-8.8811888'),
(699, 'BEHINAN ', 'GBAGBO IRENE EPOUSE KONAN', 'PGP', '07 07 15 13 48', 18, '7.0288917', '-8.8811889'),
(700, 'SEMI ', 'GOURE BI DOH FERDINAND', 'PGP', '', 18, '7.0288918', '-8.8811890'),
(701, 'LOUAN ', 'SITALOU MARIE LAURE EPOUSE SILUE', 'PGP', '', 18, '7.0288919', '-8.8811891'),
(702, 'AHOULOU ', 'AHOULOU BLAISE', 'PHARMACIEN', '07 47 17 08 12', 18, '6.8999581', '-6.5277937'),
(703, 'ADOPO', ' YAPO REBECCA EPOUSE DAGOU', 'PHARMACIEN', '07 47 91 48 77', 18, '6.8999582', '-6.5277938'),
(704, 'N\'DJA ', 'N\'GUESSAN', 'PHARMACIEN', '07 08 85 25 23', 18, '6.8999583', '-6.5277939'),
(705, 'YAO ', 'KOUA24 N\'GUESSAN KOUA24LAN', 'ITS', '07 07 60 25 48', 18, '6.8999584', '-6.5277940'),
(706, 'ASSEMIAN', ' EUGENE', 'PGP', '07 59 80 80 81', 18, '6.8999585', '-6.5277941'),
(707, 'KONAN ', 'MBRA YVES ROLAND', 'PGP', '07 48 39 72 58', 18, '6.8999586', '-6.5277942'),
(708, 'KOUASSI ', 'ATTEY LETHITIA EPOUSE MONFO', 'PGP', '07 09 53 01 75', 18, '6.8999587', '-6.5277943'),
(709, 'ASSOUMAN ', 'CYNTHIA EPOUSE IRRIE', 'PGP', '07 47 06 84 74', 18, '6.8999588', '-6.5277944'),
(710, 'AKPA ', 'AK24L', 'PGP', '05 04 40 41 80', 18, '6.8999589', '-6.5277945'),
(711, 'YAPO ', 'MONNEY', 'PGP', '05 06 35 91 73', 18, '6.8999590', '-6.5277946'),
(712, 'GUEU', '', 'PGP', '07 08 66 54 52', 18, '6.8999591', '-6.5277947'),
(713, 'DOUMBIA ', 'ABOUBACK', 'PGP', '01 40 79 37 76', 18, '6.8999592', '-6.5277948'),
(714, 'KOUADIO ', 'BERTIN', 'PGP', '05 64 29 15 40', 18, '6.8999593', '-6.5277949'),
(715, 'YAO ', 'KOUADIO BERTIN', 'PGP', '07 08 04 15 74', 18, '6.8999594', '-6.5277950'),
(716, 'N\'DRI ', 'ERIC', 'PGP', '07 57 10 31 60', 18, '6.8999595', '-6.5277951'),
(717, 'N\'GBANI', '', 'PGP', '07 07 39 79 90', 18, '6.8999596', '-6.5277952'),
(718, 'NIAMKEY ', 'ALEXANDRE KABLAN', 'PGP', '07 09 30 61 90', 18, '6.8999597', '-6.5277953'),
(719, 'GBLA', '', 'PGP', '07 78 18 06 50', 18, '6.8999598', '-6.5277954'),
(720, 'ASSIENIN', '', 'PGP', '07 07 89 53 38', 18, '6.8999599', '-6.5277955'),
(721, 'KONE ', 'NAHOMI SERGE', 'PHARMACIEN', '07 08 40 92 97', 18, '6.4897694', '-6.6028265'),
(722, 'OULAI ', 'MONNAHAN STANISLAS', 'PHARMACIEN', '07 47 97 26 04', 18, '6.4897695', '-6.6028266'),
(723, 'DASSE ', 'RO24O', 'PHARMACIEN', '07 59 06 06 29', 18, '6.4897696', '-6.6028267'),
(724, 'N\'DA ', 'ANZARA', 'PGP', '', 18, '6.4897697', '-6.6028268'),
(725, 'KOUASSI ', 'ADJOUA ANGE KARINE', 'PGP', '', 18, '6.4897698', '-6.6028269'),
(726, 'KOUAKOU ', 'A24NAN ELISABETH EPOUSE KOUAKOU', 'PGP', '', 18, '6.4897699', '-6.6028270'),
(727, 'DOUBI ', 'TRA OLIVIER', 'PGP', '', 18, '6.4897700', '-6.6028271'),
(728, 'MORO ', 'VICTORIEN', 'PHARMACIEN', '07 09 53 56 77', 18, '6.4897701', '-6.6028272'),
(729, 'YORO ', 'GUSTAVE', 'PGP', '05 05 87 05 75', 18, '6.4897702', '-6.6028273'),
(730, 'AYEMIN ', 'GUY BARTHELEMY', 'PGP', '07 08 25 47 96', 18, '6.4897703', '-6.6028274'),
(731, 'TAHA ZAHOU ALEXIS', 'AHOU ALEXIS', 'PHARMACIEN', '07 57 37 10 67', 18, '6.4897704', '-6.6028275'),
(732, 'KOFFI ', 'PAULE ANGE ARREMOU W.', 'PHARMACIEN', '07 08 94 16 19', 18, '6.4897705', '-6.6028276'),
(733, 'GUE ', 'ZINIEU RITA MIREILLE EPOUSE VAH', 'PHARMACIEN', '07 49 12 47 62', 18, '6.4897706', '-6.6028277'),
(734, 'ANDO ', 'KOFFI', 'PGP', '07 07 99 34 94', 18, '6.4897707', '-6.6028278'),
(735, 'FOFANA ', 'ADAMA', 'PGP', '07 77 91 28 58', 18, '6.4897708', '-6.6028279'),
(736, 'DJESSAN ', 'CLARISSE ', 'PGP', '01 02 62 53 72', 18, '6.4897709', '-6.6028280'),
(737, 'KOBENAN ', 'CAR24LLE ADJA ROLANDE', 'PGP', '07 77 56 97 11', 18, '6.4897710', '-6.6028281'),
(738, 'GUEU ', 'GO24 CHARLES', 'PGP', '07 07 04 19 21', 18, '6.4897711', '-6.6028282'),
(739, 'N\'GUESSAN ', 'JEAN BOSCO', 'PGP', '07 07 84 78 30', 18, '6.4897712', '-6.6028283'),
(740, 'AMARY ', 'ADOU GUI SYLVAIN', 'PGP', '07 07 21 75 78', 18, '6.4897713', '-6.6028284'),
(741, 'OUATTARA ', 'N\'GANZIE ETIENNE', 'PGP', '07 07 84 10 85', 18, '6.4897714', '-6.6028285'),
(742, 'BONI ', 'ABBE ARSENE', 'PGP', '07 77 93 12 31', 18, '6.4897715', '-6.6028286'),
(743, 'KONAN ', 'BARTHELEMI', 'PGP', '07 47 69 17 62', 18, '6.4897716', '-6.6028287'),
(744, 'ADO ', 'ABOA ANDERSON', 'PHARMACIEN', '07 07 93 57 58', 18, '7.3821717', '-6.5003446'),
(745, 'OUGA ', 'KALE ANGE ARNAUD', 'PHARMACIEN', '07 08 86 08 23', 18, '7.3821718', '-6.5003447'),
(746, 'N\'GUESSAN ', 'KOUASSI JEAN', 'PGP', '05 84 15 66 30', 18, '7.3821719', '-6.5003448'),
(747, 'GOUEU ', 'GONGNEKO ERNEST', 'PGP', '07 09 26 12 32', 18, '7.3821720', '-6.5003449'),
(748, 'SANOGO ', 'MOUSSA', 'PHARMACIEN', '07 78 70 42 93', 18, '7.3821721', '-6.5003450'),
(749, 'GOULIA ', 'ALAIN', 'PHARMACIEN', '07 89 91 17 49', 18, '7.3821722', '-6.5003451'),
(750, 'DE ', 'BONI HABIB', 'PHARMACIEN', '07 49 32 21 26', 18, '7.3821723', '-6.5003452'),
(751, 'SATIKI ', 'KONATE', 'PGP', '07 08 02 85 52', 18, '7.3821724', '-6.5003453'),
(752, 'BLA ', 'KOFFI BRUNO', 'PGP', '07 78 70 43 03', 18, '7.3821725', '-6.5003454'),
(753, 'TOURE ', 'ISSOUF', 'PGP', '07 47 57 13 30', 18, '7.3821726', '-6.5003455'),
(754, 'SORO ', 'FOUGNINGUIN ALIDA', 'PGP', '07 57 83 25 34', 18, '7.3821727', '-6.5003456'),
(755, 'KO24NAN ', 'DOUGLAS', 'PHARMACIEN', '07 09 29 84 00', 18, '6.7644176', '-6.8990262'),
(756, 'DEA', ' ADY TOIKEUSSE', 'PGP', '07 49 98 99 37', 18, '6.7644177', '-6.8990263'),
(757, 'OKOU ', 'ROLAND', 'PHARMACIEN', '07 09 79 24 34', 18, '6.7644178', '-6.8990264'),
(758, 'KONAN ', '24DAR', 'ITS', '07 49 21 41 33', 18, '6.7644179', '-6.8990265'),
(759, 'KOFFI ', 'FULGENCE K.', 'PGP', '07 08 45 14 20', 18, '6.7644180', '-6.8990266'),
(760, 'AYE S.', 'TURC SEBASTIEN', 'PGP', '07 07 49 49 02', 18, '6.7644181', '-6.8990267'),
(761, 'TOURE ', 'TIEBA MOUSSA', 'PHARMACIEN', '07 48 85 35 37', 22, '5.7153387', '-6.1448976'),
(762, 'KOUADIO ', 'KOUA24 PARFAIT', 'PHARMACIEN', '07 08 28 78 04', 22, '5.7153388', '-6.1448977'),
(763, 'KONAN ', 'KOUAKOU SERAPHIN', 'PGP', '07 89 46 36 52', 22, '5.7153389', '-6.1448978'),
(764, 'LOBE ', 'SOUHO OZOUA', 'PHARMACIEN', '07 77 10 11 39 ', 23, '5.7153390', '-6.1448979'),
(765, 'N’CHO ', 'ASSI PAUL DAMIEN', 'PHARMACIEN', '07 47 58 09 28', 23, '5.7153391', '-6.1448980'),
(766, 'YAPO ', 'DON ANICET RODRIGUE', 'PHARMACIEN', '07 07 28 25 89', 23, '7.4244527', '-6.0711696'),
(767, 'YAO ', 'AYA ELODIE', 'PHARMACIEN', '07 07 74 01 31', 23, '7.4244528', '-6.0711697'),
(768, 'BONI ', 'KIRIOUA BENJAMIN', 'PGP', '07 67 52 43 75', 23, '7.4244529', '-6.0711698'),
(769, 'N\'GUIO ', 'BABA ADELINE EPOUSE TANOH', 'PGP', '07 59 02 58 05', 23, '7.4244530', '-6.0711699'),
(770, 'DECHI ', 'CHOH ESTELLE EPOUSE N\'GATTA', 'PGP', '07 48 22 69 53', 23, '7.4244531', '-6.0711700'),
(771, 'DJRO', ' AKRE CHRISTIANE ', 'PHARMACIEN', '07 08 90 26 10', 23, '6.9894711', '-5.7888949'),
(772, 'YAO  ', 'KOFFI BERNOIT', 'PHARMACIEN', '07 09 08 01 04', 23, '6.9894712', '-5.7888950'),
(773, 'SANGARE ', 'ABDOULAYE ', 'PHARMACIEN', '07 79 00 50 18', 23, '6.9894713', '-5.7888951'),
(774, 'N’GUESSAN  ', 'KOUA24 FAUSTIN', 'PGP', '07 08 90 19 94', 23, '6.9894714', '-5.7888952'),
(775, 'DJAHA ', 'KOUA24', 'PGP', '07 08 90 10 12', 23, '6.9894715', '-5.7888953'),
(776, 'YAPI  ', 'ABBIB SOSTHENE', 'PGP', '07 57 41 60 98', 23, '6.9894716', '-5.7888954'),
(777, 'KOFFI ', 'KOUADIO', 'PGP', '07 49 52 98 84', 23, '6.6209139', '-5.9316734'),
(778, 'KOUASSI ', 'KOUAKOU', 'PGP', '07 08 58 27 89', 23, '6.6209140', '-5.9316735'),
(779, 'YAPO ', 'ATCHIE HUGUES GILDAS', 'PGP', '07 57 40 00 33', 23, '6.6209141', '-5.9316736'),
(780, 'DRO ', 'JEAN', 'PGP', '07 68 74 81 08', 23, '6.6209142', '-5.9316737'),
(781, 'GUIDA ', 'LABRE PIERRE', 'PGP', '07 58 53 43 50', 23, '6.6209143', '-5.9316738'),
(782, 'KOUASSI ', 'AFFOUE SANDRINE', 'PHARMACIEN', '01 42 80 70 67', 23, '6.6209144', '-5.9316739'),
(783, 'KONAN ', 'HOURA MARC', 'PGP', '07 78 69 84 49', 23, '7.1282937', '-6.5802675'),
(784, 'ANGORAN ', 'EDI BEDE', 'PGP', '07 07 40 54 45', 23, '7.1282938', '-6.5802676'),
(785, 'CISSE ', 'MINATA EPOUSE SYLLA', 'PGP', '07 09 70 64 09', 23, '7.1282939', '-6.5802677'),
(786, 'KOUABLAN ', 'KOUA24 CLE24NT', 'PGP', '07 48 05 04 60', 23, '7.1282940', '-6.5802678'),
(787, 'SAWADOGO ', 'AZETA', 'PGP', '07 69 75 15 28', 23, '7.1282941', '-6.5802679'),
(788, 'KONAN ', 'CHRISTIAN', 'PHARMACIEN', '07 07 75 45 92', 23, '7.1282942', '-6.5802680'),
(789, 'DJAMA ', 'VICTOR', 'PHARMACIEN', '07 79 17 73 47', 23, '7.1282943', '-6.5802681'),
(790, 'AMANI ', 'LAURENT', 'PHARMACIEN', '07 07 54 84 94', 23, '6.9894711', '-5.7888949'),
(791, 'N’GUESSAN ', 'KOUA24 MARTIN', 'PGP', '07 77 46 59 61', 23, '6.9894712', '-5.7888950'),
(792, 'OUATTARA ', 'AMADOU', 'PGP', '07 08 57 55 73', 23, '6.9894713', '-5.7888951'),
(793, 'SOKO ', 'ITTO BERNADIN', 'PGP', '07 09 43 84 26', 23, '6.9894714', '-5.7888952'),
(794, 'GNAMIEN ', 'FIDELE JUNIOR', 'PGP', '07 09 76 87 88', 23, '6.9894715', '-5.7888953'),
(795, 'YEO ', 'SOULEYMANE', 'PHARMACIEN', '05 05 70 77 58', 23, '6.6209139', '-5.9316734'),
(796, 'KOUADIO ', 'HAURSEY ASTRID KINIMO', 'PHARMACIEN', '07 47 14 02 83', 23, '6.6209140', '-5.9316735'),
(797, 'BAKAYOKO ', 'NAMORY', 'PGP', '01 01 40 58 86', 23, '6.6209141', '-5.9316736'),
(798, 'ATTAHI ', 'KOUASSI RENE', 'PGP', '07 09 36 55 95', 23, '6.6209142', '-5.9316737'),
(799, 'LOHORE ', 'MAUNOT DOGO ALEX', 'PGP', '01 03 30 90 39', 23, '6.6209143', '-5.9316738'),
(800, 'AMANI ', 'ANGE ARNAUD', 'PHARMACIEN', '07 08 66 08 75', 23, '7.4244527', '-6.0711696'),
(801, 'DJOMAN ', 'PATRICK JOEL', 'PHARMACIEN', '07 48 04 41 45', 23, '7.4244528', '-6.0711697'),
(802, 'GOH BI ', 'IRIE VINCENT', 'PGP', '07 07 99 50 96', 23, '7.4244529', '-6.0711698'),
(803, 'ADJE ', 'ESSIS HERVE ANGE', 'PGP', '07 08 05 52 55', 23, '7.4244530', '-6.0711699'),
(804, 'EHILE ', 'EHOUAN STEPHANE JOËL', 'PHARMACIEN', '07 09 73 29 04', 25, '6.3181631', '-4.9841328'),
(805, 'KONE ', 'KOLO TINNAN ', 'PHARMACIEN', '07 08 71 51 72', 25, '6.6501992', '-4.2271617'),
(806, 'OSSEY ', 'YAPAUD MARTINIEN WILFRIED ', 'PHARMACIEN', '07 57 61 91 93', 25, '6.6501993', '-4.2271618'),
(807, 'GOHA ', 'DEHOULOU DEBORA VANESSA JACQUELINE EPOUSE POUHO', 'PHARMACIEN', '07 59 43 33 34 ', 25, '6.6501994', '-4.2271619'),
(808, 'BLI24 ', 'MALA SONIA CHRISTELLE', 'PHARMACIEN', '07 07 63 59 16', 25, '6.6761106', '-4.0429761'),
(809, 'TRAORE ', 'MARIAM EPOUSE GUINDO', 'PHARMACIEN', '07 87 27 02 22', 25, '6.6761107', '-4.0429762'),
(810, 'GBOKO ', 'BONI CONSTANT', 'PHARMACIEN', '05 05 87 83 50', 25, '6.6761108', '-4.0429763'),
(811, 'KOUAKOU', ' YAHAUD ENGELBERT', 'PHARMACIEN', '07 09 03 48 23 ', 25, '6.4626561', '-4.3732617'),
(812, 'DJONWAN', ' FRANCK DELOR24', 'PHARMACIEN', '07 49 57 26 54', 25, '6.4626562', '-4.3732618'),
(813, 'ATTOGBAIN ', 'MAGLOIRE', 'PHARMACIEN', '07 47 41 34 47', 25, '6.4626563', '-4.3732619'),
(814, 'SOHOU ', 'COMLAN SEMON ERIC DORGELES', 'PHARMACIEN', '07 58 40 29 22', 25, '6.4626564', '-4.3732620'),
(815, 'N’DRI ', 'KOUADIO JACQUES', 'PGP', '07 49 65 27 15', 25, '6.6501992', '-4.2271617'),
(816, 'KOUA24 ', 'N’ZUE JEAN MARIE', 'PGP', '07 49 74 51 48', 25, '6.6501993', '-4.2271618'),
(817, 'AKA ', 'KOUA24 MATHIEU', 'PGP', '07 09 81 06 10', 25, '6.6501994', '-4.2271619'),
(818, 'ACHI ', 'JEAN LOUIS', 'PGP', '07 47 77 48 00 ', 25, '6.6501995', '-4.2271620'),
(819, 'AGBAYA ', 'AKO PASCAL OLIVIER', 'PGP', '07 47 36 95 96 ', 25, '6.6501996', '-4.2271621'),
(820, 'COULIBALY ', 'DOKOLIO VALENTIN', 'PGP', '07 07 68 97 76', 25, '6.6761106', '-4.0429761'),
(821, 'ASSI ', 'MIREILLE EPOUSE ADJE', 'PGP', '07 08 02 43 17', 25, '6.6761107', '-4.0429762'),
(822, 'ATTO ', 'MARIE FRANCE', 'PGP', '07 09 26 67 45', 25, '6.6761108', '-4.0429763'),
(823, 'BOLLOU BI ', 'FREJUS MARCELUS', 'PGP', '07 09 26 23 73', 25, '6.4626561', '-4.3732617'),
(824, 'KOUAKOU ', 'KOUASSI ISIDORE', 'PGP', '07 48 61 27 49 ', 25, '6.4626562', '-4.3732618'),
(825, 'BECHO ', 'ADJI PIERRE CONTANT', 'PGP', '07 48 10 74 34 ', 25, '6.4626563', '-4.3732619'),
(826, 'ABBE ', 'BROU APIE MARIE JEANNE', 'PGP', '07 58 23 85 43', 25, '6.4626564', '-4.3732620'),
(827, 'ADEGBINDIN ', 'SEMIYA URSULA CHRIS ELIE\r\n', 'PHARMACIEN', '05 01 44 29 61', 26, '5.9118197', '-7.2427177'),
(828, 'KOULIA \r\n\r\n', 'ABAÉ CHARLES EPAPHRAS', 'PHARMACIEN', '07 07 34 78 36', 26, '5.9118198', '-7.2427178'),
(829, 'KPAGBI \r\n\r\n\r\n\r\n\r\n\r\n\r\n', 'ARNAUD', 'PHARMACIEN', '07 08 10 00 18', 26, '6.5541068', '-7.4753516'),
(830, 'DIOMANDE \r\n\r\n', 'CLAUDINE EPOUSE VEHI', 'PGP', '07 47 68 41 51', 26, '6.5541069', '-7.4753517'),
(831, 'ANDOH \r\n\r\n', 'PELAGIE', 'PGP', '07 77 03 14 21', 26, '6.5541070', '-7.4753518'),
(832, 'BOUIKALO \r\n\r\n', 'HYACINTHE', 'PGP', '07 59 30 91 12', 26, '6.5541071', '-7.4753519'),
(833, 'LOFIGUE \r\n\r\n\r\n\r\n\r\n\r\n\r\n\r\n\r\n\r\n\r\n\r\n', 'EMMANUEL', 'PHARMACIEN', '07 09 22 57 91', 26, '5.686516', '-6.082864'),
(834, 'KOUASSI ', 'CHRIST N’GO', 'PGP', '07 07 86 03 27', 26, '5.686517', '-6.082865'),
(835, 'PAHA', 'MARCELLIN', 'PGP', '05 75 50 10 36', 26, '5.686518', '-6.082866'),
(836, 'KONAN ', 'AKISSI PHILOMÈNE', 'PGP', '07 07 45 66 45', 26, '5.686519', '-6.082867'),
(837, 'BOKA \r\n\r\n\r\n\r\n\r\n\r\n\r\n', 'FIRMIN', 'PHARMACIEN', '07 07 44 62 61', 26, '5.4439274', '-7.8089173'),
(838, 'GOE BI \r\n\r\n', 'PROSPER', 'PGP', '07 57 49 25 21', 26, '5.4439275', '-7.8089174'),
(839, 'SORO ', 'T.', 'PGP', '', 26, '5.4439276', '-7.8089175'),
(840, 'BAKAYOKO', '', 'PGP', '07 09 44 33 46', 26, '5.4439277', '-7.8089176'),
(841, 'N’DIAKA \r\n\r\n\r\n\r\n\r\n\r\n\r\n', 'N’GUESSAN AUGUSTE', 'PHARMACIEN', '07 07 87 07 18', 26, '5.7847904', '-6.6116241'),
(842, 'DOSSO \r\n\r\n\r\n \r\n\r\n', 'YAYA', 'PGP', '07 07 75 74 80', 26, '5.7847905', '-6.6116242'),
(843, 'KOUADIO ', 'KONAN MATHURIN', 'PGP', '07 49 39 35 79', 26, '5.7847906', '-6.6116243'),
(844, 'WAGLI', 'CORINNE', 'PGP', '07 58 00 85 27', 26, '5.7847907', '-6.6116244'),
(845, 'DJEFIE \r\n\r\n\r\n\r\n', 'LATH', 'PGP', '07 68 08 56 84', 26, '6.4556993', '-8.1496239'),
(846, 'AKIA ', 'NADIA', 'PGP', '07 09 54 71 97', 26, '6.4556994', '-8.1496240'),
(847, 'ATTOBRA \r\n\r\n\r\n\r\n\r\n', 'TIDIANE', 'PHARMACIEN', '05 45 13 15 99', 26, '5.6865158', '-6.0910183'),
(848, 'GUE      \r\n', 'MONSIAH INNOCENT', 'PGP', '05 05 85 97 51', 26, '5.6865159', '-6.0910184'),
(849, 'KOUA24', 'JERO24', 'PGP', '', 26, '5.6865160', '-6.0910185'),
(850, 'ATSE\r\n\r\n\r\n\r\n\r\n\r\n\r\n\r\n\r\n\r\n', ' JUDICAEL', 'PHARMACIEN', '07 08 20 92 43', 26, '5.4439221', '-6.6761958'),
(851, 'GOULY ', 'LYONNEL', 'PHARMACIEN', '07 09 70 02 20', 26, '5.4439222', '-6.6761959'),
(852, 'COMOE', 'BROU HERVÉ', 'PGP', '07 79 02 31 62', 26, '5.4439223', '-6.6761960'),
(853, 'KOUASSI ', 'THIERRY', 'PGP', '07 07 69 93 27', 26, '5.4439224', '-6.6761961'),
(854, 'TANOH ', 'N’GORAN SYLVERE', 'PGP', '07 77 48 07 17', 26, '5.4439225', '-6.6761962'),
(855, 'CISSE ', 'AWA', 'PGP', '07 57 05 95 33', 26, '5.4439226', '-6.6761963'),
(856, 'N’GORAN\r\n', 'ANGE FELIX', 'PHARMACIEN', '07 79 57 46 64', 3, '5.8986088', '-4.8488978'),
(857, 'TOURE\r\n', 'KATY STEPHANE', 'PGP', '07 57 98 30 29', 3, '5.8986088', '-4.8488978'),
(858, 'LEGRE \r\n', 'DACOURY', 'PHARMACIEN', '07 08 85 24 30', 26, '5.7847904', '-6.6116241'),
(859, 'DIALLO ', 'BAKARY', 'PHARMACIEN', '07 48 21 37 23', 26, '5.7847905', '-6.6116242'),
(860, 'LATH \r\n\r\n', 'MAXI24', 'PGP', '07 08 96 64 88', 26, '5.7847906', '-6.6116243'),
(861, 'TRA BI', '', 'PGP', '07 47 67 32 02', 26, '5.7847907', '-6.6116244'),
(862, 'CHOHO KOFFI', '', 'PGP', '07 08 65 93 09', 26, '5.7847908', '-6.6116245'),
(863, 'YEO', 'TENILOUGO', 'PGP', '07 48 64 96 52 ', 26, '5.7847909', '-6.6116246'),
(864, 'DAGOU ', 'AYE GILBERT', 'PGP', '07 09 21 05 38', 26, '5.7847910', '-6.6116247'),
(865, 'GBOCLO ', 'GOGBE DELPHIN', 'PGP', '07 88 25 71 24', 28, '9.4720386', '-8.1771165'),
(866, 'ABOU ', 'DIALLO ', 'PGP', '07 59 21 04 00', 28, '9.4720387', '-8.1771166'),
(867, 'SOGODOGO ', 'YACOUBA', 'PHARMACIEN', '07 57 80 89 01 ', 28, '9.4720388', '-8.1771167'),
(868, 'DIBY', 'KOUAKOU JEAN', 'PHARMACIEN', ' 07 07 23 81 71  ', 28, '9.4720389', '-8.1771168'),
(869, 'KO24NAN  \r\n', 'SIMPLICE', 'PGP', '01 40 02 19 68', 28, '9.4720390', '-8.1771169'),
(870, 'DAN ', 'ABOA LOUISE ', 'PGP', '07 08 67 21 78 ', 28, '9.4720391', '-8.1771170'),
(871, 'LOUKOU ', 'SERAPHIN', 'PHARMACIEN', '07 87 51 03 03', 28, '9.4720392', '-8.1771171'),
(872, 'KOUAKOU ', 'LOUKOU ISABELLE', 'PGP', '07 07 98 55 50 ', 28, '9.4720393', '-8.1771172'),
(873, 'COULIBALY ', 'ABDOU ', 'PHARMACIEN', '07 77 82 92 78 ', 28, '9.4609392', '-5.7725578'),
(874, 'KONE ', 'MORY ', 'PGP', '05 05 12 40 05 ', 28, '9.4720393', '-8.1771165'),
(875, 'FOFANA ', ' ABOUBACAR SIDIKI', 'PHARMACIEN', '07 08 09 27 50 ', 28, '9.4609392', '-5.7725578'),
(876, 'N’DOUBA ', 'EBAH OLGA EPOUSE N’GUESSAN  ', 'PGP', '01 02 52 25 55', 28, '9.4609393', '-5.7725579'),
(877, 'SANON', ' SORY IBRAHIM ', 'PHARMACIEN', '07 07 23 57 54', 28, '9.4609394', '-5.7725580'),
(878, 'SEKONGO ', 'MAMADOU \r\n', 'PGP', '07 49 51 94 72', 28, '9.4609395', '-5.7725581'),
(879, 'KONE  \r\n', 'AIDA MYRIAM KOROTOUM', 'PGP', '07 58 05 22 77', 28, '9.4609396', '-5.7725582'),
(880, 'AHI  \r\n', '24A KOFFI INNOCENT', 'PGP', '07 49 13 04 40', 28, '9.4609397', '-5.7725583'),
(881, 'OUATTARA \r\n', 'SOUALIO', 'PGP', '07 47 66 04 47', 28, '9.4609398', '-5.7725584'),
(882, 'KORE ', 'LOGBO CYRILLE ', 'PHARMACIEN', '07 78 08 29 02', 28, '9.4609399', '-5.7725585'),
(883, 'GBOKO  \r\n', 'KOSSIA FLORENCE', 'PGP', '07 49 37 75 87', 28, '9.4609400', '-5.7725586'),
(884, 'EDI ', 'KONE TASSIGUEGO RACHEL ', 'PHARMACIEN', '07 57 90 28 62', 28, '9.0681519', '-5.7921127'),
(885, 'SIAGBE\r\n ', 'ZATTA CYRILLE', 'PGP', '05 46 44 34 89', 28, '9.0681520', '-5.7921128'),
(886, 'COULIBALY \r\n', 'FATOU ', 'PGP', '05 54 84 52 75', 28, '9.0681521', '-5.7921129'),
(887, 'KOFFI ', 'ANNE AURELIE ', 'PHARMACIEN', '05 06 70 77 82', 28, '9.0681522', '-5.7921130'),
(888, 'TANOH  \r\n', 'KOFFI BERNARD', 'PGP', '07 09 87 69 19', 28, '9.0681523', '-5.7921131'),
(889, 'YAO  \r\n  \r\n', 'KOFFI FRANCK OLIVIER', 'PGP', '05 84 15 64 33', 28, '10.0044165', '-5.9103442'),
(890, 'BONI \r\n', '24TINE DELIVIENNE', '', '01 01 65 16 82', 28, '10.0044166', '-5.9103443'),
(891, 'YANN  \r\n', 'EFFA RICHMOND', 'PGP', '07 07 15 84 86', 28, '10.0044167', '-5.9103444'),
(892, 'ALLO ', 'OMON MARIE LOUISE PASCALE ', 'PHARMACIEN', '07 59 74 21 72', 28, '9.0681519', '-5.7921127'),
(893, 'OUATTARA \r\n', 'GNIRE', 'PGP', ' 07 87 48 01 47', 28, '9.5846064', '-5.3981496'),
(894, 'YOMAN\r\n', 'N\'DA KOUASSI FIRMIN', 'PGP', ' 01 40 81 41 60', 28, '9.5846065', '-5.3981497'),
(895, 'COFFI AMANY ', 'GABIN KONY JOACHIM', 'PHARMACIEN', ' 07 49 06 41 34', 28, '10.0044165', '-5.9103442'),
(896, 'AMBE \r\n', 'API OLGA', 'PHARMACIEN', '07 09 58 87 82', 29, '4.7588064', '-6.6974557'),
(897, 'ABOLEY \r\n', 'GERAUD', 'PHARMACIEN', '07 58 86 66 42', 29, '4.7588065', '-6.6974558'),
(898, 'GOGBE  ', 'YVES TITO', 'PHARMACIEN', '07 47 66 80 66', 28, '10.0044165', '-5.9103442'),
(899, 'DIOMMANDE \r\n', 'GOUAMO', 'PHARMACIEN', '07 57 10 52 79', 29, '4.7588065', '-6.6974557'),
(900, ' AKA ', 'NICIASSE ELOGNE', 'PHARMACIEN', '07 79 00 61 43', 28, '9.5846065', '-5.3981497'),
(901, 'KOFFI \r\n', 'KOFFI INNOCENT', 'PGP', '07 08 34 32 60', 29, '4.7588065', '-6.6974557');
INSERT INTO `t_sites` (`id`, `nom`, `prenoms`, `emploi`, `contact`, `region_id`, `lat`, `lng`) VALUES
(902, 'KONATE  ', 'ISSIAKA', 'PHARMACIEN', '07 07 23 15 81', 28, '9.5846067', '-5.3981497'),
(903, 'KOUA24 \r\n', 'STEPHANIE EMMA', 'PGP', '07 08 86 52 50', 29, '4.7588065', '-6.6974557'),
(904, 'ADE', 'FLAVIEN \r\n', 'PHARMACIEN', '07 09 34 83 12 ', 28, '4.7588066', '-6.6974558'),
(905, 'SILUE \r\n', 'FOUNGATRIGUE ISSOUF', 'PGP', '07 09 84 17 86', 29, '4.7588067', '-6.6974559'),
(906, 'ETEKOU ', 'AK24 ANITA LORRAINE', 'PGP', '07 47 84 47 17', 29, '4.7588068', '-6.6974560'),
(907, 'TIZIE ', 'LANDRY ', 'PHARMACIEN', '07 08 05 95 02', 29, '4.7588069', '-6.6974561'),
(908, 'DJE BI ', 'TRA MARIUS ', 'PHARMACIEN', '07 09 75 12 24', 29, '4.7588070', '-6.6974562'),
(909, 'KACOUTIE ', 'DIEUDONNE', 'PGP', '07 98 69 24 44', 29, '4.7588071', '-6.6974563'),
(910, 'OUATTARA ', 'THEOPHILE', 'PGP', '07 07 69 37 29', 29, '4.7588072', '-6.6974564'),
(911, 'SILUE ', 'JULIE', 'PGP', '01 01 13 71 26', 29, '4.7588073', '-6.6974565'),
(912, 'AGBASSI ', 'ASKET', 'PGP', '07 07 52 38 87', 29, '4.7588074', '-6.6974566'),
(913, 'EDOUKOUA ', 'ERIC ', 'PGP', '07 48 79 90 44', 29, '4.7588075', '-6.6974567'),
(914, 'KPAN ', 'HENRI MARTIN', 'PHARMACIEN', '07 09 31 31 54', 29, '4.7588076', '-6.6974568'),
(915, 'ADJOBI', '', 'PHARMACIEN', '07 57 73 82 52', 29, '4.7588077', '-6.6974569'),
(974, 'AKA ', 'AHIZI', 'PHARMACIEN', '07 09 11 70 78', 29, '4.7588078', '-6.6974570'),
(975, 'ASSI ', 'MARYSE EPOUSE DEGNY', 'PGP', '07 57 46 20 87', 29, '4.7588079', '-6.6974571'),
(1032, 'KOUAKOU ', 'GASTON', 'PGP', '01 42 99 11 28', 29, '4.7588080', '-6.6974572'),
(1033, 'TOH ', 'YOUKOU ALEXANDRE', 'PHARMACIEN', '05 95 02 38 81', 29, '4.7107324', '-7.5173479'),
(1034, 'KOUA24 ', 'APPOH ANGE MARCEL AI24', 'PHARMACIEN', '07 59 19 96 45', 29, '4.7107325', '-7.5173480'),
(1035, 'YEO ', 'KOUNDJELE MARIA24', 'PHARMACIEN', '07 47 23 27 76', 29, '4.7107326', '-7.5173481'),
(1036, 'DJABAN ', 'KOUASSI GBOKO LAURENT', 'PGP', '07 49 96 02 26', 29, '4.7107327', '-7.5173482'),
(1037, 'KOPOIN ', 'AHOUTI JEAN BAPTISTE', 'PGP', '07 47 71 84 79', 29, '4.7107328', '-7.5173483'),
(1038, 'KOUASSI ', 'ABOUDRAMANE ', 'PGP', '07 08 50 22 38', 29, '4.7107329', '-7.5173484'),
(1039, 'KOUASSI ', 'REINE JULIANE ABOLEY ', 'PHARMACIEN', ' 07 07 30 04 86', 29, '4.7107330', '-7.5173485'),
(1040, 'SOUMAHORO ', 'MOHA24D ', 'PGP', '07 09 14 74 56 ', 29, '4.7107331', '-7.5173486'),
(1041, 'YA BI ', 'GOLY JACQUES ', 'PGP', '05 00 39 19 88 ', 29, '4.7107332', '-7.5173487'),
(1042, 'OHOUYA ', 'DAHI GHISLAINE EPOUSE GNEGNENE', 'PHARMACIEN', '07 08 02 24 26', 30, '5.6669705', '-3.9473009'),
(1043, 'KODIA ', 'ANDRE', 'PHARMACIEN', '07 09 38 60 69', 30, '5.6669706', '-3.9473010'),
(1044, 'ABOU ', 'EDY', 'PHARMACIEN', '07 49 58 73 33', 30, '5.6669707', '-3.9473011'),
(1045, ' LATTE ', 'YEDOH', 'PGP', '07 89 34 70 53', 30, '5.6669708', '-3.9473012'),
(1046, 'GUIRAO ', 'ZEAN', 'PGP', '', 30, '5.6669709', '-3.9473013'),
(1047, 'DIARRA', 'SOULEYMANE', 'PGP', '01 81 44 59 44', 30, '5.6669710', '-3.9473014'),
(1048, 'KOUAO ', 'ADJOBA HUBERTINE', 'PGP', '07 08 99 40 11', 30, '5.6669711', '-3.9473015'),
(1049, ' YAO  ', 'N\'GUESSAN', 'PHARMACIEN', '07 07 17 55 91', 30, '5.4675728', '-3.2216767'),
(1050, 'KOUASSI BI ', 'ZERI MARIUS', 'PHARMACIEN', '07 08 93 06 63', 30, '5.4675729', '-3.2216768'),
(1051, 'BODIO ', 'SOILIO', 'PGP', '07 09 48 46 46 ', 30, '5.4675730', '-3.2216769'),
(1052, 'KADIO', 'DIEUDONNE JUNIOR', 'PGP', '07 48 41 51 35', 30, '5.4675731', '-3.2216770'),
(1053, 'OBO', 'LANDRYSE ', 'PGP', '', 30, '5.4675732', '-3.2216771'),
(1054, 'ATTOUNGBRE \r\n', 'GUILLAU24', 'PHARMACIEN', '07 07 49 14 69', 30, '5.4675733', '-3.2216772'),
(1055, 'GUE      \r\n', 'MONSIAH INNOCENT', 'PGP', '05 05 85 97 51', 26, '5.6865159', '-6.0910184'),
(1056, 'KOUA24', 'JERO24', 'PGP', '', 26, '5.6865160', '-6.0910185'),
(1057, 'ATSE\r\n\r\n\r\n\r\n\r\n\r\n\r\n\r\n\r\n\r\n', ' JUDICAEL', 'PHARMACIEN', '07 08 20 92 43', 26, '5.4439221', '-6.6761958'),
(1058, 'GOULY ', 'LYONNEL', 'PHARMACIEN', '07 09 70 02 20', 26, '5.4439222', '-6.6761959'),
(1059, 'COMOE', 'BROU HERVÉ', 'PGP', '07 79 02 31 62', 26, '5.4439223', '-6.6761960'),
(1060, 'KOUASSI ', 'THIERRY', 'PGP', '07 07 69 93 27', 26, '5.4439224', '-6.6761961'),
(1061, 'TANOH ', 'N’GORAN SYLVERE', 'PGP', '07 77 48 07 17', 26, '5.4439225', '-6.6761962'),
(1062, 'CISSE ', 'AWA', 'PGP', '07 57 05 95 33', 26, '5.4439226', '-6.6761963'),
(1063, 'N’GORAN\r\n', 'ANGE FELIX', 'PHARMACIEN', '07 79 57 46 64', 3, '5.8986088', '-4.8488978'),
(1064, 'TOURE\r\n', 'KATY STEPHANE', 'PGP', '07 57 98 30 29', 3, '5.8986088', '-4.8488978'),
(1065, 'LEGRE \r\n', 'DACOURY', 'PHARMACIEN', '07 08 85 24 30', 26, '5.7847904', '-6.6116241'),
(1066, 'DIALLO ', 'BAKARY', 'PHARMACIEN', '07 48 21 37 23', 26, '5.7847905', '-6.6116242'),
(1067, 'LATH \r\n\r\n', 'MAXI24', 'PGP', '07 08 96 64 88', 26, '5.7847906', '-6.6116243'),
(1068, 'TRA BI', '', 'PGP', '07 47 67 32 02', 26, '5.7847907', '-6.6116244'),
(1069, 'CHOHO KOFFI', '', 'PGP', '07 08 65 93 09', 26, '5.7847908', '-6.6116245'),
(1070, 'YEO', 'TENILOUGO', 'PGP', '07 48 64 96 52 ', 26, '5.7847909', '-6.6116246'),
(1071, 'DAGOU ', 'AYE GILBERT', 'PGP', '07 09 21 05 38', 26, '5.7847910', '-6.6116247'),
(1072, 'GBOCLO ', 'GOGBE DELPHIN', 'PGP', '07 88 25 71 24', 28, '9.4720386', '-8.1771165'),
(1073, 'ABOU ', 'DIALLO ', 'PGP', '07 59 21 04 00', 28, '9.4720387', '-8.1771166'),
(1074, 'SOGODOGO ', 'YACOUBA', 'PHARMACIEN', '07 57 80 89 01 ', 28, '9.4720388', '-8.1771167'),
(1075, 'DIBY', 'KOUAKOU JEAN', 'PHARMACIEN', ' 07 07 23 81 71  ', 28, '9.4720389', '-8.1771168'),
(1076, 'KO24NAN  \r\n', 'SIMPLICE', 'PGP', '01 40 02 19 68', 28, '9.4720390', '-8.1771169'),
(1077, 'DAN ', 'ABOA LOUISE ', 'PGP', '07 08 67 21 78 ', 28, '9.4720391', '-8.1771170'),
(1078, 'LOUKOU ', 'SERAPHIN', 'PHARMACIEN', '07 87 51 03 03', 28, '9.4720392', '-8.1771171'),
(1079, 'KOUAKOU ', 'LOUKOU ISABELLE', 'PGP', '07 07 98 55 50 ', 28, '9.4720393', '-8.1771172'),
(1080, 'COULIBALY ', 'ABDOU ', 'PHARMACIEN', '07 77 82 92 78 ', 28, '9.4609392', '-5.7725578'),
(1081, 'KONE ', 'MORY ', 'PGP', '05 05 12 40 05 ', 28, '9.4720393', '-8.1771165'),
(1082, 'FOFANA ', ' ABOUBACAR SIDIKI', 'PHARMACIEN', '07 08 09 27 50 ', 28, '9.4609392', '-5.7725578'),
(1083, 'N’DOUBA ', 'EBAH OLGA EPOUSE N’GUESSAN  ', 'PGP', '01 02 52 25 55', 28, '9.4609393', '-5.7725579'),
(1084, 'SANON', ' SORY IBRAHIM ', 'PHARMACIEN', '07 07 23 57 54', 28, '9.4609394', '-5.7725580'),
(1085, 'SEKONGO ', 'MAMADOU \r\n', 'PGP', '07 49 51 94 72', 28, '9.4609395', '-5.7725581'),
(1086, 'KONE  \r\n', 'AIDA MYRIAM KOROTOUM', 'PGP', '07 58 05 22 77', 28, '9.4609396', '-5.7725582'),
(1087, 'AHI  \r\n', '24A KOFFI INNOCENT', 'PGP', '07 49 13 04 40', 28, '9.4609397', '-5.7725583'),
(1088, 'OUATTARA \r\n', 'SOUALIO', 'PGP', '07 47 66 04 47', 28, '9.4609398', '-5.7725584'),
(1089, 'KORE ', 'LOGBO CYRILLE ', 'PHARMACIEN', '07 78 08 29 02', 28, '9.4609399', '-5.7725585'),
(1090, 'GBOKO  \r\n', 'KOSSIA FLORENCE', 'PGP', '07 49 37 75 87', 28, '9.4609400', '-5.7725586'),
(1091, 'EDI ', 'KONE TASSIGUEGO RACHEL ', 'PHARMACIEN', '07 57 90 28 62', 28, '9.0681519', '-5.7921127'),
(1092, 'SIAGBE\r\n ', 'ZATTA CYRILLE', 'PGP', '05 46 44 34 89', 28, '9.0681520', '-5.7921128'),
(1093, 'COULIBALY \r\n', 'FATOU ', 'PGP', '05 54 84 52 75', 28, '9.0681521', '-5.7921129'),
(1094, 'KOFFI ', 'ANNE AURELIE ', 'PHARMACIEN', '05 06 70 77 82', 28, '9.0681522', '-5.7921130'),
(1095, 'TANOH  \r\n', 'KOFFI BERNARD', 'PGP', '07 09 87 69 19', 28, '9.0681523', '-5.7921131'),
(1096, 'YAO  \r\n  \r\n', 'KOFFI FRANCK OLIVIER', 'PGP', '05 84 15 64 33', 28, '10.0044165', '-5.9103442'),
(1097, 'BONI \r\n', '24TINE DELIVIENNE', '', '01 01 65 16 82', 28, '10.0044166', '-5.9103443'),
(1191, 'KOUADIO', 'MARIE FRANCOISE NICOLE', 'PGP', '07 09 78 61 78', 30, '5.4675734', '-3.2216773'),
(1192, 'BIBO \r\n', 'HENRY JOEL', 'PHARMACIEN', '07 07 88 11 49', 30, '5.4675735', '-3.2216774'),
(1193, 'APPIA OI APPIA', 'INNOCENT', 'PGP', '07 08 04 41 96', 30, '5.4675736', '-3.2216775'),
(1194, 'AHI ', 'ARSENE HILAIRE', 'PHARMACIEN', '07 07 09 57 02', 30, '5.283678', '-3.314395'),
(1195, 'AMBEMON ', 'HENRI EMILE', 'PHARMACIEN', '07 78 64 08 08', 30, '5.283679', '-3.314396'),
(1196, '24LEDJE ', 'LEANDRE AGNERO', 'PG', '07 58 81 55 25', 30, '5.4675736', '-3.2216775'),
(1197, '24SSOU ', 'AYEMOU', 'PG', '07 08 02 45 48', 30, '5.283679', '-3.314395'),
(1198, 'NOUAN ', 'BERNADETTE', 'PG', '01 42 05 15 16', 30, '5.283680', '-3.314396'),
(1199, 'BLEOUE', ' ANGE', 'PG', '07 58 60 42 40', 30, '5.283681', '-3.314397'),
(1200, 'KO24NAN ', 'MAHOSSI MARIE FAUSTINE', 'PHARMACIEN', '07 49 27 88 90', 30, '5.283682', '-3.314398'),
(1201, ' AGNI ', 'TEHOUA JEAN PAUL', 'PHARMACIEN', '07 78 76 91 60', 30, '5.283683', '-3.314399'),
(1202, 'ATTOFOUET ', 'AFFOUE SYLVIE', 'PHARMACIEN', '07 07 76 06 19', 30, '5.2199367', '-3.7883533'),
(1203, 'KOUADIO ', 'N\'GUESSAN ARMAND', 'PHARMACIEN', '07 09 16 65 78', 30, '5.2199368', '-3.7883534'),
(1204, 'YEBOUET ', 'BERNADIN', 'PHARMACIEN', '07 49 51 10 12', 30, '5.283683', '-3.314399'),
(1205, 'MOH ', 'OSSOHOU CARELLE MARINA', 'PHARMACIEN', '07 08 71 01 91', 30, '5.2199368', '-3.7883534'),
(1206, 'BLEINDOU ', 'MALAN ETIENNE', 'PHARMACIEN', '07 08 29 19 65', 30, '5.2199369', '-3.7883535'),
(1207, 'OKA ', 'KOUA24 HUBERT', 'PGP', '05 56 49 51 10', 30, '5.283683', '-3.314399'),
(1259, 'ADOUA \r\n', 'AMANDI', 'PGP', '07 77 08 25 00', 30, '5.2199374', '-3.7883540'),
(1260, 'MAN ', 'GETRUDE', 'PGP', '07 09 41 29 64', 30, '5.2199375', '-3.7883541'),
(1261, 'N’GUESSAN ', 'AMANI', 'PGP', '07 77 86 40 94', 30, '5.2199376', '-3.7883542'),
(1262, 'KOUADJANE \r\n', 'ERIC', 'PGP', '01 43 40 85 35', 30, '5.2199377', '-3.7883543'),
(1263, 'KOUASSI ', 'AMOIN ROSINE', 'PGP', '07 09 89 50 39', 30, '5.2199378', '-3.7883544'),
(1264, 'KOUADIO ', 'MICHELLE', 'PGP', '05 00 56 12 52', 30, '5.2199379', '-3.7883545'),
(1265, 'ATTIOGBE ', 'GRACE', 'PHARMACIEN', '07 77 14 31 37', 30, '5.2199380', '-3.7883546'),
(1266, 'KOUASSI ', 'HERMANN', 'PHARMACIEN', '07 97 43 13 22', 30, '5.2199381', '-3.7883547'),
(1267, 'KESSE  ', 'GRACE DECARLOVIE', 'PHARMACIEN', '05 05 99 74 92', 30, '5.2199382', '-3.7883548'),
(1268, 'COUA24\r\n', ' ATY', 'PGP', '07 57 67 72 42', 30, '5.1384867', '-3.0276776'),
(1269, 'GUEI ', 'DEGNAN FRANCK', 'PGP', '01 41 84 85 57', 30, '5.1384868', '-3.0276777'),
(1270, 'OUANGUI', 'GON CONSTANT', 'PGP', '07 08 12 42 50', 30, '5.1384869', '-3.0276778'),
(1271, 'TAPE ', 'MARC', 'PGP', '07 57 60 20 10', 30, '5.1384870', '-3.0276779'),
(1272, 'KOUASSI ', 'HONORE', 'PHARMACIEN', '07 58 80 36 14 ', 30, '5.4675728', '-3.2216767'),
(1273, 'AMON ', 'AKA JEAN MOREL', 'PHARMACIEN', '07 79 38 76 84', 30, '5.4675729', '-3.2216768'),
(1274, 'KONE', 'BRAHIMA', 'PHARMACIEN', '07 47 12 96 42', 30, '5.1384870', '-3.0276776'),
(1275, 'AKIAPO ', 'ADON  CARLOS', 'PHARMACIEN', '07 57 57 78 48', 30, '5.1384870', '-3.0276776'),
(1276, 'LELLA ', 'SOUANGAH AVUNCE', 'PHARMACIEN', '05 06 27 69 43 ', 33, '8.4780812', '-6.6164733'),
(1277, 'KOUADIO', 'KOFFI PAULIN', 'PHARMACIEN', '07 58 58 07 08 ', 33, '8.4780813', '-6.6164734'),
(1278, 'KOUASSI ', 'KOUASSI MARCELIN', 'PHARMACIEN', ' 07 08 03 50 13', 33, '7.9622089', '-6.6975406'),
(1279, 'CHERIF ', 'IDRISSA', 'PHARMACIEN', '07 78 82 56 14', 33, '7.9622090', '-6.6975407'),
(1280, 'LAMYN', 'DOHA ELIEL OSCAR ', 'PHARMACIEN', ' 07 78 79 09 93 ', 33, '8.4780813', '-6.6164733'),
(1281, 'KONE ', 'BOIKE ', 'PHARMACIEN', '07 07 33 05 57', 33, '8.4266435', '-7.9178573'),
(1282, 'KOTCHI ', 'EULOGE ', 'PHARMACIEN', '07 08 75 96 77 ', 33, '8.4266436', '-7.9178574'),
(1283, 'DAKOURI', ' ZOBOLOU DESIRE', 'PGP', '07 07 39 25 70', 33, '8.4780813', '-6.6164733'),
(1284, 'N’GOU ', 'N’TAMONH MICHAEL', 'PGP', '07 69 35 59 71', 33, '8.4780814', '-6.6164734'),
(1285, 'N’GORAN  ', 'TOUNGBO M’BRA GERARD', 'PGP', '07 09 95 25 95 ', 33, '7.9622090', '-6.6975407'),
(1286, 'BROU  ', 'HARRIS CHARLES', 'PGP', '07 49 86 22 87 ', 33, '7.9622091', '-6.6975408'),
(1287, 'N’GORAN  ', 'N’GUESSAN MAZDA', 'PGP', '07 47 36 27 67', 33, '8.4780814', '-6.6164734'),
(1288, 'KPATA   ', 'OHOUO JEAN KEVIN', 'PGP', '07 47 25 19 08', 33, '8.4780815', '-6.6164735'),
(1289, 'KONATE  ', 'ABOUDOULAYE', 'PGP', '05 46 22 68 52  ', 33, '8.4266435', '-7.9178574'),
(1290, 'OUATTARA  ', 'BAKARY', 'PGP', '07 57 57 36 19', 32, '8.4266436', '-7.9178575'),
(1291, 'FOFANA                ', 'MOHAMMAD     ', 'PHARMACIEN', '07 09 86 20 81 ', 32, '8.4266437', '-7.9178576'),
(1292, 'YAO   ', 'AKISSI VALERIE ', 'PHARMACIEN', '07 07 19 90 08', 32, '8.4266438', '-7.9178577'),
(1293, 'TRAZIE BI ', 'KOUA24 FERNAND ', 'PHARMACIEN', '07 47 88 81 75 ', 32, '7.407118', '-7.5885254'),
(1294, 'ZOUZOU                 ', 'OLIVIER ', 'PHARMACIEN', ' 01 42 42 47 56', 32, '7.407119', '-7.5885255'),
(1295, 'KONE \r\n ', 'DYONIN', 'PGP', ' 07 08 80 40 80', 32, '7.407120', '-7.5885256'),
(1296, 'ES24L', '24LEDJE SILVANUS ', 'PGP', '07 47 71 18 47 ', 32, '7.407121', '-7.5885257'),
(1297, 'AHOLIA ', 'FRANCK CLAVER ', 'PGP', '07 08 88 15 41 ', 32, '7.407122', '-7.5885258'),
(1298, 'KOUADIO  ', 'KOUA24 MIREMOND', 'PGP', '07 57 69 26 53 ', 32, '7.407123', '-7.5885259'),
(1299, 'COULIBALY   ', 'FOUNGOTIN', 'PGP', '07 08 70 10 64', 32, '7.407124', '-7.5885260'),
(1300, ' TANO ', 'KASSI JEAN DE DIEU ', 'PGP', '07 48 15 87 86 ', 32, '7.407125', '-7.5885261'),
(1301, 'TOURE ', 'GNINLTIEBAN HONORE ', 'PGP', '07 08 16 41 42 ', 32, '7.407126', '-7.5885262'),
(1302, 'BALOU LOU  \r\n       \r\n', 'LINE ESTELLE EPOUSE TRAZIE', 'PGP', '07 49 58 17 11 ', 32, '7.407127', '-7.5885263'),
(1303, 'ZOH', 'OUEGA DOROTHEE EPOUSE GOGBE ', 'PGP', '07 78 23 29 39 ', 32, '7.407128', '-7.5885264'),
(1304, 'BEBO      ', 'LETHO VINCENT ', 'PGP', '07 08 00 13 95 ', 32, '7.407129', '-7.5885265'),
(1305, 'DIAW  \r\n', 'MARE24 SODEA EPOUSE BAKAYOKO ', 'PHARMACIEN', '07 58 45 53 81  ', 32, '7.3647127', '-10.1404675'),
(1306, 'TOURE ', 'FANTA ', 'PHARMACIEN', '07 47 76 58 50 ', 32, '7.3647128', '-10.1404676'),
(1307, 'TRA BI \r\n', 'IRIE JOEL ', 'PHARMACIEN', '07 69 10 62 98 ', 32, '7.3647129', '-10.1404677'),
(1308, 'ANO', 'MULLER HAROTTE LEVY', 'PHARMACIEN', '07 09 07 24 95 ', 32, '7.3647130', '-10.1404678'),
(1309, 'NANDJUI ', 'TCHA DESIREE EDWIGE', 'PHARMACIEN', ' 07 89 86 91 29 ', 32, '7.3647131', '-10.1404679'),
(1310, 'TRAOLE \r\n', 'HADJA BINTOU', 'PGP', ' 07 49 62 26 19 ', 32, '7.3647132', '-10.1404680'),
(1311, 'GO24', 'KOSSAN ALAIN', 'PGP', '  07 49 09 91 80 ', 32, '7.3647133', '-10.1404681'),
(1312, 'KOUAKOU ', 'KOFFI OLIVIER ', 'PGP', '07 08 21 30 93 ', 32, '7.3647134', '-10.1404682'),
(1313, 'AMIAN ', 'ETTIEN AMA GISELE EPOUSE FOFANA ', 'PGP', '07 77 24 38 91', 32, '7.3647135', '-10.1404683'),
(1314, 'DINDJI ', 'N’DRIN GNANGBA FRANCK', 'PHARMACIEN', '07 49 93 36 15', 32, '7.2609024', '-8.1705239'),
(1315, 'MIGEO ', 'KPILE GISELINE', 'PHARMACIEN', '07 57 47 77 49', 32, '7.2609025', '-8.1705240'),
(1316, 'ANGBRA \r\n', 'N’GUESSAN PAUL', 'PGP', '07 47 96 11 78', 32, '7.2609026', '-8.1705241'),
(1317, 'LATIA ', 'COULIBALY SIAKA', 'PGP', '07 09 56 84 66', 32, '7.2609027', '-8.1705242'),
(1318, 'ATSE  \r\n', 'FRANCK STEPHEN ISAAC', 'PGP', '07 59 32 34 90', 32, '7.2609028', '-8.1705243'),
(1319, 'KOUASSI ', 'EHOUSSOU JEAN PIERRE', 'PGP', '07 58 68 54 28/', 32, '7.2609029', '-8.1705244'),
(1320, 'KOUA24 ', 'KONAN CONSTANT', 'PGP', '07 48 42 90 18', 32, '7.2609030', '-8.1705245'),
(1321, 'KOUAGLOU \r\n', 'KAHN DOY WILFRIED ', 'PGP', '07 08 59 09 13 ', 32, '7.2609031', '-8.1705246'),
(1322, 'ELLO ', 'AHOBA EVE FLORENCE', 'PGP', '07 09 13 83 63 ', 32, '7.2609032', '-8.1705247'),
(1323, 'KOUASSI  ', 'AMOIKON STEPHANE', 'PHARMACIEN', '07 09 62 00 67 ', 32, '7.2609033', '-8.1705248'),
(1324, 'ANOUMOU ', 'TAKIA SANDRINE', 'PHARMACIEN', '07 07 82 12 88 ', 32, '7.2609034', '-8.1705249'),
(1325, 'KOUA24 ', 'ATTOUBE EVELYNE LUCIE', 'PGP', '07 08 82 53 49', 32, '7.2609035', '-8.1705250'),
(1326, 'MORO  ', 'ARISTIDE', 'PHARMACIEN', '07 07 02 95 24', 32, '7.7458193', '-7.6372149'),
(1327, 'AHIMAN ', 'DJEDJI YOUWA GRACE MARIE ELLA', 'PHARMACIEN', ' 07 79 05 70 54  ', 32, '7.7458194', '-7.6372150'),
(1328, 'KOFFI', 'YAO GUSTAVE', 'PGP', '07 47 12 16 22', 32, '7.7458195', '-7.6372151'),
(1329, 'KOUAKOU', ' ESSAN MICHAEL ', 'PGP', '07 79 37 12 80 ', 32, '7.7458196', '-7.6372152'),
(1330, 'FOFANA', 'NOUHOU ', 'PGP', '07 08 61 94 55', 32, '7.7458197', '-7.6372153'),
(1331, ' DONGO ', 'KOUA24 YEBOUA ', 'PGP', '07 07 69 69 38 ', 32, '7.7458198', '-7.6372154'),
(1332, 'ASSEMIEN ', 'ALAIN CLAUDE ROLAND', 'PHARMACIEN', '07 57 80 38 71', 32, '6.9195246', '-8.230305'),
(1333, 'SAI    ', 'GOUESSE WILFRIED    ', 'PGP', '07 47 93 61 20', 32, '6.9195247', '-8.230306'),
(1334, 'BONY', 'AMBEU SEVERIN  ', 'PGP', '07 47 16 77 00 ', 32, '6.9195248', '-8.230307'),
(1335, 'LOROU BI        ', 'ELYSE     ', 'PGP', '07 09 88 41 82 ', 32, '6.9195249', '-8.230308'),
(1336, 'YEO       ', 'DONATOHO SOULEYMANE  ', 'PHARMACIEN', '07 07 69 16 50', 32, '6.9195250', '-8.230309'),
(1337, 'GNEPEHI          ', 'DJE OKO BIENVENU  ', 'PHARMACIEN', '07 78 35 80 98', 32, '7.7458198', '-7.6372154'),
(1338, 'KPAN                      ', 'MAMADOU  ', 'PGP', '07 47 53 01 63', 32, '6.9195250', '-8.230309'),
(1339, 'KOMAN  ', 'BEDA STEPHANE DANIEL', 'PGP', ' 07 88 49 38 39', 32, '7.7458198', '-7.6372154'),
(1340, 'DIEBREY ', 'KHOCK HELENA PATRICIA', 'PHARMACIEN', '07 49 58 29 78', 2, '5.34877', '-4.1444806'),
(1341, 'ADEPO ', 'APIE ANNICK', 'PHARMACIEN', '07 07 78 46 21', 2, '5.34878', '-4.1444807'),
(1342, ' NIAMIEM ', 'ADJEI PATRICK', 'PHARMACIEN', '07 07 78 75 84', 2, '5.3438574', '-3.9249168'),
(1343, 'AGOUSSI ', 'OUROHON BIE CHRISTINE SABINE', 'PHARMACIEN', '07 49 90 87 16', 2, '5.3438575', '-3.9249169'),
(1344, 'COULIBALY ', 'NAKORIAN', 'PHARMACIEN', '07 58 97 57 83', 2, '5.3438576', '-3.9249170'),
(1345, 'YOUAN BI ', 'DIBY MARTIAL', 'PGP', '07 08 74 32 08', 2, '5.3438577', '-3.9249171'),
(1346, 'KOUADIO ', 'ADJOA EMMA SYLVIE', 'PGP', '07 09 75 94 46', 2, '5.3438578', '-3.9249172'),
(1347, 'M\'BAYE ', 'ASTOU', 'PGP', '07 49 44 34 72', 2, '5.3438579', '-3.9249173'),
(1348, 'YAO ', 'AKISSI PATRICIA', 'PGP', '07 57 70 02 09', 2, '5.3438580', '-3.9249174'),
(1349, 'KOUASSI ', 'YAO AYA KAREN-ARISTIDE ', 'PHARMACIEN', '07 48 91 43 62', 2, '5.2990726', '-3.9781656'),
(1350, 'LOU ', 'SATI CLARISSE ', 'PHARMACIEN', '05 65 10 13 63', 2, '5.2990727', '-3.9781657'),
(1351, 'GNAHORE ', 'CHRISTIANE ', 'PGP', '07 87 14 57 89', 2, '5.2990728', '-3.9781658'),
(1352, ' AKANI ', 'ADUENI AMON MARLENE ELODIE EPOUSE 24RAN', 'PHARMACIEN', '07 49 99 06 38', 2, '5.2632607', '-3.9882538'),
(1353, 'SELLY ', 'YANE FREDERIQUE EDITH EPOUSE KOUADIO', 'PHARMACIEN', '07 07 53 35 69', 2, '5.2632608', '-3.9882539'),
(1354, 'KALOU ', 'AGNES SARA EPOUSE DAHIRO', 'PHARMACIEN', '07 49 69 56 50', 2, '5.2632609', '-3.9882540'),
(1355, 'KHOPOIN ', 'ANOUX JULIEN ANDERSON    ', 'ITS', '07 77 31 45 09', 2, '5.2632610', '-3.9882541'),
(1356, 'KOFFI ', 'ENOKOU EBAH ROSINE EPOUSE GANIYU ', 'PGP', '07 57 83 19 96', 2, '5.2632611', '-3.9882542'),
(1357, 'M’BRA ', 'ADJOUA CHRISTELLE VANESSA EPOUSE DAGNOGO ', 'PGP', ' 07 79 89 47 94', 2, '5.2632612', '-3.9882543'),
(1358, 'EMOU ', 'ASSAMALA NADEGE EPOUSE GNEBA ', 'PGP', ' 07 49 69 66 39', 2, '5.2632613', '-3.9882544'),
(1359, 'YAO ', 'NADEGE  ', 'AUXILIAIRE PHARMACIE', ' 01 01 98 75 88', 2, '5.2632614', '-3.9882545'),
(1360, 'ADEI', ' GNAKON EMILIENNE EPOUSE TIEGBE', 'PHARMACIEN', '07 07 54 88 87', 2, '5.34564', '-4.0423211'),
(1361, 'KOUA24', ' AKPEGNI BARLE MARINA AUDREY EPOUSE KOFFI', 'PHARMACIEN', '07 08 37 67 79', 2, '5.34565', '-4.0423212'),
(1362, 'KOUAKOU ', 'A. CLARISSE EPOUSE SOSSOUKISSE', 'PGP', '0777 92 57 28', 2, '5.34566', '-4.0423213'),
(1363, 'GNAGBO', ' JACQUELINE XAVIÈRE', 'PGP', '07 49 29 49 09', 2, '5.34567', '-4.0423214'),
(1364, 'LOUOBA ', 'PALE EMMA ESTELLE', 'PHARMACIENNE', '07 49 58 56 98', 2, '5.2943174', '-4.0204474'),
(1365, 'ANOMAN ', 'SASSO VERONIQUE LAURETTE EPOUSE OKRA', 'PHARMACIENNE', '07 08 53 61 99', 2, '5.2943175', '-4.0204475'),
(1366, 'AKA ', 'BAVIEBA MONIQUE EPOUSE EHOUNOU', 'PHARMACIENNE', '07 47 75 64 27', 2, '5.2943176', '-4.0204476'),
(1367, 'YAPI ', 'EVELYNE LARISSA EPOUSE AKA', 'PGP', '07 08 44 61 49', 2, '5.2943177', '-4.0204477'),
(1368, 'BAMBA ', 'KADHY', 'PGP', '07 78 0954 11', 2, '5.2943178', '-4.0204478'),
(1369, 'ADOUOBO ', 'MALAN', 'PHARMACIEN', '07 07 87 20 16', 2, '5.2632607', '-3.9882538'),
(1370, 'ABOH', ' IVES ANDERSON', 'PHARMACIEN', '07 07 48 12 06 ', 2, '5.2632608', '-3.9882539'),
(1371, 'YE ', 'OMAROU', 'LOGISTICIEN DE SANTE', '07 07 40 01 54', 2, '5.2632609', '-3.9882540'),
(1372, 'HUDSON ', 'LOUISE EPOUSE OULAI', 'PGP', '07 08 38 33 55', 2, '5.2632610', '-3.9882541'),
(1373, 'ANZARA ', 'N\'GORAN SERGE', 'PGP', '07 09 31 75 83', 2, '5.2632611', '-3.9882542'),
(1374, 'GNAMIA ', 'AARON MICHEL ', 'PGP', '05 05 69 21 69', 2, '5.2632612', '-3.9882543'),
(1375, 'AHIKPA ', 'ANGE PA24LA', 'PGP', '07 58 85 89 35', 2, '5.2632613', '-3.9882544'),
(1376, 'SEININ ', 'PASCAL ANGAMAN', 'PGP', '07 07 66 98 02', 2, '5.2632614', '-3.9882545'),
(1377, 'KOUASSI ', 'KOUAKOU JONAS ', 'ITS', '07 57 95 35 47 ', 2, '5.2632615', '-3.9882546'),
(1378, 'MAHI ', 'OREGA ANDRE HERVE', 'PHARMACIEN ', '07 59 16 52 25', 2, '5.2943174', '-4.0204474'),
(1379, 'ABLA ', 'ANGE', 'PHARMACIEN ', '07 08 99 11 54', 2, '5.2943175', '-4.0204475'),
(1380, 'KOUASSI ', 'BONI SALIMATA', 'PGP', '07 08 74 78 12', 2, '5.2943176', '-4.0204476'),
(1381, 'ACOUTOU ', 'ATINDEHOU CECILE', 'PGP', '07 79 06 30 65', 2, '5.2943177', '-4.0204477'),
(1382, 'YOROBA ', 'DOUGBOU HILAIRE', 'PGP', '05 05 83 10 88', 2, '5.2943178', '-4.0204478'),
(1383, 'YAPI ', 'ABOUA FLORANT', 'PGP', '07 78 40 65 34', 2, '5.2943179', '-4.0204479'),
(1384, 'GNAGON ', 'AYA DENISE PAULE EPOUSE DIBY', 'PHARMACIEN', '07 07 76 41 23', 2, '5.2990726', '-3.9781656'),
(1385, 'ABRO ', 'CHILE ANNE MARIE', 'PHARMACIEN', '01 02 37 14 92 ', 2, '5.2990727', '-3.9781657'),
(1386, 'HOBOU ', 'DEYE24 ROSINE AIMÉE DÉSIRÉE', 'PHARMACIEN', '07 08 01 25 24', 2, '5.2990728', '-3.9781658'),
(1387, 'KOHOU ', 'DEAN ABDOUL KADER WILFRIED', 'PHARMACIEN', '07 07 20 66 73', 2, '5.2990729', '-3.9781659'),
(1388, 'KPLE ', 'ANAKI DENISE THERESE EPOUSE MOULARE', 'PHARMACIEN', '07 57 56 24 66', 2, '5.2990730', '-3.9781660'),
(1389, 'YAMBLE ', 'EVARISTE', 'PGP', '07 08 11 26 60', 2, '5.2990731', '-3.9781661'),
(1390, 'DICKO ', 'DJENEBA MARIE MADELEINE', 'PGP', '07 47 70 26 80', 2, '5.2990732', '-3.9781662'),
(1391, 'N\'SSA ', 'DONALD LE FEBVRE', 'PGP', '07 48 55 95 84', 2, '5.2990733', '-3.9781663'),
(1392, 'KONAN ', 'DIOH DENIS GHISLAIN', 'PGP', '07 08 62 51 48', 2, '5.2990734', '-3.9781664'),
(1393, 'TANOH ', 'FABIENNE FATTARA EPOUSE AKELE', 'ITS ', '07 07 56 41 43', 2, '5.2990735', '-3.9781665'),
(1394, 'KOUAKOU ', 'CHRISLAIN', 'PHARMACIEN ', '07 07 72 02 19', 2, '5.3438574', '-3.9249168'),
(1395, 'OBAH ', 'BENOIT JOSEPH KO24NAN', 'PHARMACIEN ', '07 07 67 38 75', 2, '5.3438575', '-3.9249169'),
(1396, 'EHUA ', 'GNOANLEY RITA AUDE', 'PHARMACIEN ', '01 01 01 44 93', 2, '5.3438576', '-3.9249170'),
(1397, 'KOUA ', 'KOUAKOU SERAPHIN', 'PHARMACIEN ', '07 08 53 91 00', 2, '5.3438577', '-3.9249171'),
(1398, 'SOH ', 'AKA JERO24', 'PGP', '01 02 15 42 29', 2, '5.3438578', '-3.9249172'),
(1399, 'ALLOBOH ', 'WOURONG MARIE CLAIRE', 'PGP', '01 03 61 42 36', 2, '5.3438579', '-3.9249173'),
(1400, 'KOUASSI ', 'LYDIE CARINE EPOUSE KOUASSI', 'PGP', '07 07 04 49 49', 2, '5.3438580', '-3.9249174'),
(1401, 'HOUAHON ', 'KARIDIOULA ', 'PGP', '07 47 75 59 12', 2, '5.3438581', '-3.9249175'),
(1402, 'BROU ', 'YVES NADAUD TOKOU', 'PGP', '07 78 47 39 00', 2, '5.3438582', '-3.9249176'),
(1403, 'KOUAKOU', 'ANNE PROSPER', 'PGP', '07 07 21 69 10', 2, '5.3438583', '-3.9249177'),
(1404, 'COULIBALY ', 'CHIGATA IDRISSA', 'PHARMACIEN ', '07 07 74 89 95', 2, '5.333343', '-4.0778759'),
(1405, 'AHEVOLE ', 'N\'DRI NESTOR', 'PHARMACIEN ', '07 07 92 32 99', 2, '5.333344', '-4.0778760'),
(1406, 'KONE', ' ISMAEL', 'PHARMACIEN ', '07 09 30 05 35', 2, '5.333345', '-4.0778761'),
(1407, 'YEO ', 'BEH', 'ITS', '01 01 08 26 20', 2, '5.333346', '-4.0778762'),
(1408, 'YAO ', 'GNAKALE CASIMIR', 'PGP', '07 07 62 70 31', 2, '5.333347', '-4.0778763'),
(1409, 'BEHIBRO ', 'ADJOUA FLORENCE EPOUSE DAO', 'PGP', '07 07 62 29 97', 2, '5.333348', '-4.0778764'),
(1410, 'KOUADIO ', 'N\'GATTA MARIE CLARANCE', 'PGP', '07 48 46 74 57', 2, '5.333349', '-4.0778765'),
(1411, 'SIE ', 'FLORENCE', 'PGP', '05 76 94 95 92', 2, '5.333350', '-4.0778766'),
(1412, 'KOUA24 ', 'THIERRY DOMINIQUE', 'PGP', '07 67 52 62 54', 2, '5.333351', '-4.0778767'),
(1413, 'KOUMAN ADJOUA LEA GRACE', 'F ', 'PHARMACIENNE', '07 47 45 21 36', 2, '5.2941894', '-4.0310225'),
(1414, 'AMON CYRILLE RODRIGUE', 'M', 'PGP', '05 76 14 60 73', 2, '5.2941895', '-4.0310226'),
(1415, 'AGNERO NO24 JEANNE MAGUETTE', 'F ', 'PGP', '07 57 21 66 54', 2, '5.2941896', '-4.0310227'),
(1416, 'AKE AKE APPOLINAIRE', 'M', 'PGP', '07 59 59 50 67', 2, '5.2941897', '-4.0310228'),
(1417, 'LASANE ELISABETH EDWIGE', 'F ', 'PGP', '01 42 26 14 90', 2, '5.2941898', '-4.0310229');

--
-- Index pour les tables déchargées
--

--
-- Index pour la table `t_district`
--
ALTER TABLE `t_district`
  ADD PRIMARY KEY (`id`),
  ADD KEY `region_id` (`region_id`);

--
-- Index pour la table `t_pres`
--
ALTER TABLE `t_pres`
  ADD PRIMARY KEY (`id`);

--
-- Index pour la table `t_region`
--
ALTER TABLE `t_region`
  ADD PRIMARY KEY (`id`),
  ADD KEY `pres_id` (`pres_id`);

--
-- Index pour la table `t_site`
--
ALTER TABLE `t_site`
  ADD PRIMARY KEY (`id`),
  ADD KEY `region_id` (`region_id`);

--
-- Index pour la table `t_sites`
--
ALTER TABLE `t_sites`
  ADD PRIMARY KEY (`id`),
  ADD KEY `region_id` (`region_id`);

--
-- AUTO_INCREMENT pour les tables déchargées
--

--
-- AUTO_INCREMENT pour la table `t_site`
--
ALTER TABLE `t_site`
  MODIFY `id` int(11) NOT NULL AUTO_INCREMENT, AUTO_INCREMENT=32;

--
-- AUTO_INCREMENT pour la table `t_sites`
--
ALTER TABLE `t_sites`
  MODIFY `id` int(11) NOT NULL AUTO_INCREMENT, AUTO_INCREMENT=1418;

--
-- Contraintes pour les tables déchargées
--

--
-- Contraintes pour la table `t_district`
--
ALTER TABLE `t_district`
  ADD CONSTRAINT `t_district_ibfk_1` FOREIGN KEY (`region_id`) REFERENCES `t_region` (`id`);

--
-- Contraintes pour la table `t_region`
--
ALTER TABLE `t_region`
  ADD CONSTRAINT `t_region_ibfk_1` FOREIGN KEY (`pres_id`) REFERENCES `t_pres` (`id`);

--
-- Contraintes pour la table `t_site`
--
ALTER TABLE `t_site`
  ADD CONSTRAINT `t_site_ibfk_1` FOREIGN KEY (`region_id`) REFERENCES `t_region` (`id`);

--
-- Contraintes pour la table `t_sites`
--
ALTER TABLE `t_sites`
  ADD CONSTRAINT `t_sites_ibfk_1` FOREIGN KEY (`region_id`) REFERENCES `t_region` (`id`);
COMMIT;

/*!40101 SET CHARACTER_SET_CLIENT=@OLD_CHARACTER_SET_CLIENT */;
/*!40101 SET CHARACTER_SET_RESULTS=@OLD_CHARACTER_SET_RESULTS */;
/*!40101 SET COLLATION_CONNECTION=@OLD_COLLATION_CONNECTION */;
